class_standing,task_score_1,task_score_2,task_score_3,task_score_4,task_score_5,prelim_grade,midterm_grade,min_exam_score_required,predicted_category,actual_exam_score,actual_outcome,prediction_correct,error_type
1st Year,63.0,83.9,77.1,77.6,81.4,79.2,84.1,61.3,Achievable target,80.9,Pass,True,None
1st Year,95.0,80.6,78.9,86.2,63.5,75.5,74.1,63.9,Achievable target,69.6,Pass,True,None
2nd Year,63.3,73.1,61.0,60.0,66.3,67.3,67.2,97.4,Cannot pass,76.1,Fail,True,None
3rd Year,68.1,70.5,74.5,73.5,71.8,69.0,62.7,94.8,Cannot pass,96.3,Pass,False,Underperformance
2nd Year,100.0,70.8,67.6,88.9,96.3,77.1,82.9,60.5,Achievable target,75.6,Pass,True,None
3rd Year,61.4,70.0,71.3,68.0,74.0,60.6,64.4,97.9,Cannot pass,95.1,Fail,True,None
2nd Year,66.5,69.4,74.1,65.6,68.1,63.8,63.3,97.9,Cannot pass,92.9,Fail,True,None
1st Year,82.0,92.5,90.3,83.2,68.6,86.7,79.9,64.0,Achievable target,77.8,Pass,True,None
3rd Year,70.5,66.8,63.3,68.9,78.1,73.1,65.0,99.7,Cannot pass,99.9,Pass,False,Underperformance
4th Year,80.1,99.8,68.1,75.2,95.6,83.0,76.8,58.0,Achievable target,64.5,Pass,True,None
3rd Year,75.5,89.9,77.9,87.1,64.4,72.0,66.7,86.1,Borderline,87.0,Pass,False,Ambiguity
1st Year,60.0,74.4,74.6,65.5,68.4,64.5,66.4,95.4,Cannot pass,69.2,Fail,True,None
3rd Year,100.0,72.9,70.2,74.3,79.5,79.3,76.1,53.9,Achievable target,69.6,Pass,True,None
1st Year,74.1,98.8,67.5,87.7,83.7,80.2,82.2,58.9,Achievable target,67.8,Pass,True,None
4th Year,60.0,82.0,84.9,69.2,85.1,73.9,77.2,64.8,Achievable target,90.5,Pass,True,None
4th Year,99.3,80.2,87.5,68.8,83.9,84.6,83.4,55.1,Achievable target,66.4,Pass,True,None
2nd Year,77.7,60.0,79.9,64.8,73.2,68.9,62.8,98.5,Cannot pass,69.4,Fail,True,None
2nd Year,82.8,67.8,60.0,93.4,94.6,85.6,84.5,61.7,Achievable target,67.7,Pass,True,None
4th Year,80.1,76.2,68.5,73.3,84.1,79.6,73.6,58.2,Achievable target,50.6,Fail,False,Overperformance
3rd Year,97.6,96.5,80.5,95.4,71.4,77.1,78.1,57.8,Achievable target,79.9,Pass,True,None
1st Year,62.9,75.1,68.2,74.6,69.8,63.3,65.7,93.0,Cannot pass,92.8,Fail,True,None
1st Year,79.9,64.9,73.8,66.0,75.8,64.5,66.9,97.3,Cannot pass,78.9,Fail,True,None
3rd Year,67.2,78.0,72.7,68.6,71.9,71.8,72.9,95.4,Cannot pass,62.3,Fail,True,None
3rd Year,78.9,93.3,98.4,67.7,90.1,81.6,82.4,71.3,Achievable target,71.5,Pass,True,None
3rd Year,72.6,78.9,75.7,89.2,63.2,73.2,70.5,78.0,Borderline,73.3,Fail,True,None
1st Year,75.5,80.1,85.4,84.6,60.0,75.4,83.3,65.9,Achievable target,87.1,Pass,True,None
4th Year,83.0,67.1,100.0,87.4,60.0,67.9,84.5,73.0,Achievable target,80.3,Pass,True,None
1st Year,89.9,68.5,77.3,77.2,69.6,76.0,65.9,83.7,Borderline,86.9,Pass,True,None
4th Year,60.0,66.7,79.9,79.9,76.3,64.9,71.4,99.9,Cannot pass,55.4,Fail,True,None
3rd Year,79.3,72.4,76.1,79.9,79.5,76.7,87.3,55.6,Achievable target,53.0,Fail,False,Overperformance
3rd Year,80.8,71.9,82.0,83.3,64.4,69.6,68.0,88.0,Borderline,91.8,Pass,True,None
2nd Year,73.8,93.0,71.1,75.6,93.7,84.0,84.3,71.6,Achievable target,79.8,Pass,True,None
3rd Year,82.9,60.0,84.2,82.1,73.4,76.1,74.6,57.9,Achievable target,79.6,Pass,True,None
2nd Year,72.9,80.9,82.5,80.5,93.0,83.8,71.2,60.0,Achievable target,63.0,Pass,True,None
3rd Year,80.4,79.4,79.1,80.2,60.6,82.9,88.4,57.2,Achievable target,75.5,Pass,True,None
4th Year,100.0,60.4,85.6,63.3,60.0,77.9,79.8,62.3,Achievable target,98.1,Pass,True,None
3rd Year,63.4,77.4,64.0,65.4,70.5,65.1,62.1,96.9,Cannot pass,79.8,Fail,True,None
3rd Year,78.8,74.5,82.9,71.0,74.3,69.2,68.9,85.4,Borderline,95.6,Pass,True,None
2nd Year,91.6,92.6,71.6,72.6,60.0,74.0,78.4,64.1,Achievable target,77.8,Pass,True,None
2nd Year,76.7,79.9,65.8,73.7,75.2,80.0,68.6,68.9,Achievable target,82.5,Pass,True,None
2nd Year,91.1,91.2,91.5,91.3,82.0,77.3,74.7,66.0,Achievable target,67.0,Pass,True,None
1st Year,85.5,71.1,97.2,66.3,93.2,78.0,80.4,58.8,Achievable target,69.3,Pass,True,None
1st Year,83.3,63.9,80.8,60.0,80.8,73.7,75.1,70.1,Achievable target,74.0,Pass,True,None
3rd Year,80.8,73.2,65.3,68.3,96.0,80.9,81.8,72.4,Achievable target,52.4,Fail,False,Overperformance
2nd Year,91.0,95.6,88.1,76.4,76.3,86.9,73.6,53.7,Achievable target,93.1,Pass,True,None
1st Year,90.0,70.8,89.9,68.1,98.7,89.9,79.0,58.1,Achievable target,62.6,Pass,True,None
3rd Year,73.5,74.3,68.8,72.4,63.1,68.7,61.3,90.8,Cannot pass,67.7,Fail,True,None
2nd Year,75.9,85.0,69.1,70.2,89.9,75.1,65.6,86.9,Borderline,89.8,Pass,False,Ambiguity
4th Year,100.0,81.9,95.7,89.4,60.9,81.8,78.6,57.1,Achievable target,84.8,Pass,True,None
4th Year,76.6,71.0,68.8,73.8,68.3,80.5,83.4,64.8,Achievable target,76.5,Pass,True,None
2nd Year,82.1,85.5,61.3,75.8,83.3,78.6,80.0,65.6,Achievable target,90.6,Pass,True,None
3rd Year,71.2,73.7,70.2,70.7,65.3,68.3,66.0,96.4,Cannot pass,75.6,Fail,True,None
1st Year,90.5,69.4,68.0,82.4,81.6,78.8,84.6,56.5,Achievable target,53.1,Fail,False,Overperformance
2nd Year,72.9,70.9,65.2,67.9,72.7,67.0,70.8,96.9,Cannot pass,78.4,Fail,True,None
1st Year,60.0,81.4,82.7,75.0,67.1,71.1,67.1,81.6,Borderline,79.8,Fail,True,None
3rd Year,80.8,80.5,65.5,84.8,78.0,74.3,82.0,65.7,Achievable target,89.8,Pass,True,None
3rd Year,68.2,68.2,91.1,75.2,64.3,83.9,89.1,56.8,Achievable target,92.5,Pass,True,None
1st Year,71.6,76.1,92.5,92.4,71.6,77.5,76.6,72.6,Achievable target,86.2,Pass,True,None
1st Year,80.1,85.1,100.0,75.0,60.0,66.6,75.3,64.6,Achievable target,59.7,Fail,False,Overperformance
1st Year,65.4,60.0,86.4,93.8,71.3,73.3,80.3,54.7,Achievable target,70.5,Pass,True,None
3rd Year,76.8,71.3,99.8,73.0,68.2,74.7,83.3,57.5,Achievable target,71.3,Pass,True,None
2nd Year,65.8,63.7,66.6,71.7,63.5,64.6,55.6,94.3,Cannot pass,83.6,Fail,True,None
3rd Year,78.2,74.6,95.5,77.5,80.5,87.2,85.6,59.0,Achievable target,81.7,Pass,True,None
4th Year,96.0,94.6,62.0,80.3,71.0,83.2,85.5,58.3,Achievable target,99.2,Pass,True,None
3rd Year,60.0,78.9,86.1,73.2,83.0,79.5,70.3,72.3,Achievable target,61.3,Fail,False,Overperformance
2nd Year,76.5,69.8,74.1,75.6,65.7,62.2,64.9,98.8,Cannot pass,72.2,Fail,True,None
1st Year,82.1,99.7,98.2,85.2,74.3,85.9,77.6,53.9,Achievable target,84.5,Pass,True,None
4th Year,62.1,69.7,77.9,61.2,63.2,59.4,65.3,95.1,Cannot pass,82.5,Fail,True,None
3rd Year,90.3,78.1,74.3,64.6,93.4,82.4,83.7,68.4,Achievable target,80.5,Pass,True,None
3rd Year,81.1,62.7,61.3,99.0,79.8,70.7,80.7,64.7,Achievable target,68.3,Pass,True,None
4th Year,78.1,82.8,71.0,75.6,84.6,71.4,83.1,63.9,Achievable target,84.4,Pass,True,None
1st Year,71.2,79.5,73.0,69.2,77.1,77.4,74.3,80.0,Borderline,80.3,Pass,False,Ambiguity
3rd Year,76.2,65.9,65.1,69.8,79.9,68.1,69.6,92.9,Cannot pass,66.5,Fail,True,None
2nd Year,79.7,96.6,77.8,77.8,94.7,73.0,76.7,67.8,Achievable target,91.8,Pass,True,None
3rd Year,100.0,71.8,73.5,69.7,68.1,67.2,80.3,59.5,Achievable target,88.7,Pass,True,None
4th Year,72.3,66.1,85.6,79.6,75.2,71.1,71.0,58.7,Achievable target,89.6,Pass,True,None
1st Year,84.4,72.4,86.0,68.4,86.7,64.8,76.2,59.3,Achievable target,64.1,Pass,True,None
1st Year,67.2,60.0,79.9,67.7,63.0,60.2,73.3,93.9,Cannot pass,97.2,Pass,False,Underperformance
3rd Year,92.0,60.0,86.6,85.3,100.0,87.5,76.4,54.4,Achievable target,96.1,Pass,True,None
1st Year,91.2,97.7,100.0,75.7,92.6,81.7,85.7,60.0,Achievable target,95.5,Pass,True,None
2nd Year,76.1,79.8,73.5,75.6,82.8,75.2,71.6,68.8,Achievable target,81.6,Pass,True,None
1st Year,77.0,75.0,60.0,65.4,66.1,63.1,69.1,93.4,Cannot pass,55.3,Fail,True,None
2nd Year,68.8,69.1,70.8,65.6,75.1,68.8,63.6,91.6,Cannot pass,98.1,Pass,False,Underperformance
1st Year,94.8,99.7,100.0,80.5,83.8,85.1,83.5,57.8,Achievable target,65.2,Pass,True,None
1st Year,90.2,81.8,83.4,79.4,66.2,82.2,81.0,62.6,Achievable target,80.5,Pass,True,None
3rd Year,74.6,79.0,60.0,66.2,74.2,74.4,73.5,83.5,Borderline,52.0,Fail,True,None
3rd Year,82.2,76.8,77.5,77.6,96.0,67.1,80.8,64.7,Achievable target,76.2,Pass,True,None
3rd Year,75.1,74.9,63.1,70.9,60.6,61.1,67.7,98.8,Cannot pass,72.0,Fail,True,None
2nd Year,86.9,74.5,70.6,94.9,100.0,74.0,81.7,68.0,Achievable target,94.6,Pass,True,None
1st Year,74.8,70.7,76.3,87.8,87.5,79.1,69.4,53.8,Achievable target,88.5,Pass,True,None
3rd Year,75.9,71.8,78.1,70.2,72.5,70.8,65.3,92.8,Cannot pass,65.7,Fail,True,None
3rd Year,66.3,67.5,89.9,78.7,78.7,73.6,64.6,81.0,Borderline,94.4,Pass,True,None
1st Year,75.0,83.8,78.2,78.0,79.9,75.8,85.1,55.9,Achievable target,71.0,Pass,True,None
3rd Year,83.3,82.0,88.8,93.3,75.9,75.8,81.3,53.6,Achievable target,76.2,Pass,True,None
2nd Year,71.7,84.1,74.4,68.2,78.4,75.7,80.1,58.9,Achievable target,83.6,Pass,True,None
2nd Year,79.7,90.3,99.0,81.0,85.1,78.3,80.8,65.7,Achievable target,82.9,Pass,True,None
4th Year,70.9,70.1,79.9,64.3,63.1,69.1,72.7,97.6,Cannot pass,69.8,Fail,True,None
1st Year,64.2,65.5,84.4,77.7,84.9,76.3,75.3,72.9,Achievable target,87.1,Pass,True,None
2nd Year,86.8,92.0,90.4,89.0,88.9,76.2,77.2,67.3,Achievable target,94.1,Pass,True,None
2nd Year,62.0,63.9,67.8,66.8,70.8,64.0,67.7,96.6,Cannot pass,85.3,Fail,True,None
4th Year,63.9,64.0,75.6,75.4,91.3,73.1,72.4,58.4,Achievable target,69.9,Pass,True,None
3rd Year,100.0,87.6,100.0,90.7,89.8,82.4,77.6,69.0,Achievable target,83.4,Pass,True,None
4th Year,86.2,64.7,74.5,91.8,82.5,73.5,85.0,57.7,Achievable target,95.7,Pass,True,None
3rd Year,80.3,92.3,67.2,85.3,86.1,81.5,76.4,62.1,Achievable target,77.7,Pass,True,None
3rd Year,84.8,82.1,76.0,71.7,77.4,84.5,82.0,52.8,Achievable target,94.0,Pass,True,None
3rd Year,97.4,76.5,68.2,89.7,89.2,71.4,83.4,67.0,Achievable target,93.1,Pass,True,None
3rd Year,67.0,63.3,66.1,65.0,66.2,64.7,69.1,90.9,Cannot pass,92.9,Pass,False,Underperformance
2nd Year,79.7,75.0,77.8,75.7,75.9,68.6,66.6,96.7,Cannot pass,97.9,Pass,False,Underperformance
1st Year,82.6,62.8,77.4,70.7,67.4,65.0,69.4,84.1,Borderline,58.1,Fail,True,None
3rd Year,72.5,99.4,60.0,84.3,61.5,82.1,73.2,64.8,Achievable target,56.8,Fail,False,Overperformance
2nd Year,61.4,85.7,86.7,65.4,62.1,64.9,77.4,67.1,Achievable target,70.6,Pass,True,None
4th Year,79.9,73.5,74.8,73.7,68.4,64.5,72.3,94.2,Cannot pass,65.4,Fail,True,None
1st Year,79.7,100.0,84.7,88.9,66.1,75.5,79.9,68.7,Achievable target,73.1,Pass,True,None
4th Year,68.1,84.7,80.3,79.3,100.0,78.7,77.0,60.2,Achievable target,89.2,Pass,True,None
1st Year,83.6,83.5,68.0,99.1,96.0,78.6,84.8,68.9,Achievable target,69.5,Pass,True,None
2nd Year,74.5,65.5,88.5,100.0,95.9,83.6,84.8,58.5,Achievable target,80.4,Pass,True,None
4th Year,83.1,88.8,79.1,100.0,82.1,74.4,78.1,52.8,Achievable target,87.4,Pass,True,None
4th Year,84.0,82.8,73.6,82.4,67.6,79.3,74.8,70.3,Achievable target,89.1,Pass,True,None
1st Year,71.5,70.3,71.4,76.2,67.0,66.6,62.4,94.9,Cannot pass,74.3,Fail,True,None
4th Year,60.0,77.2,85.2,63.9,97.7,81.8,85.1,64.8,Achievable target,96.3,Pass,True,None
4th Year,73.8,85.9,62.7,93.7,87.5,73.0,80.2,69.4,Achievable target,86.1,Pass,True,None
1st Year,72.9,76.2,70.2,100.0,86.2,77.2,75.8,56.6,Achievable target,99.9,Pass,True,None
4th Year,71.9,85.5,63.8,86.2,78.3,82.0,79.3,58.1,Achievable target,90.9,Pass,True,None
1st Year,90.0,66.5,69.6,90.5,76.6,80.8,74.5,55.8,Achievable target,81.2,Pass,True,None
2nd Year,92.3,68.8,80.2,71.9,76.7,77.2,76.5,70.5,Achievable target,83.7,Pass,True,None
2nd Year,77.7,60.0,73.5,67.5,70.6,69.6,64.2,99.2,Cannot pass,91.5,Fail,True,None
2nd Year,66.1,73.9,60.0,67.0,64.7,86.5,82.9,72.3,Achievable target,75.7,Pass,True,None
1st Year,76.5,84.9,66.5,76.4,77.0,80.1,78.7,56.1,Achievable target,100.0,Pass,True,None
3rd Year,69.7,68.3,72.2,68.4,86.2,72.0,64.4,87.4,Borderline,56.8,Fail,False,Ambiguity
4th Year,84.0,85.7,72.2,96.2,64.7,72.8,82.8,63.4,Achievable target,94.4,Pass,True,None
3rd Year,93.4,73.2,80.0,86.3,77.7,77.0,79.1,59.5,Achievable target,88.7,Pass,True,None
4th Year,80.7,70.7,68.5,68.8,64.3,69.8,75.8,64.2,Achievable target,87.1,Pass,True,None
3rd Year,76.3,71.3,83.7,81.9,67.9,76.2,69.6,63.5,Achievable target,85.7,Pass,True,None
3rd Year,79.2,70.0,90.7,74.7,91.7,82.3,78.9,65.7,Achievable target,74.3,Pass,True,None
2nd Year,100.0,85.6,88.7,71.4,75.5,73.8,85.3,62.3,Achievable target,81.1,Pass,True,None
3rd Year,75.5,87.9,78.5,77.9,83.0,79.3,81.2,69.7,Achievable target,96.4,Pass,True,None
2nd Year,77.4,60.9,72.4,88.7,73.3,68.9,77.4,68.0,Achievable target,70.4,Pass,True,None
4th Year,74.9,91.4,78.3,83.0,70.1,78.2,76.8,60.8,Achievable target,58.1,Fail,False,Overperformance
3rd Year,87.9,67.7,82.2,69.3,71.6,78.0,80.0,66.1,Achievable target,86.9,Pass,True,None
4th Year,98.4,62.6,76.5,73.6,100.0,79.5,75.1,55.7,Achievable target,85.6,Pass,True,None
3rd Year,68.6,60.0,72.2,71.9,60.0,67.6,60.8,94.8,Cannot pass,82.2,Fail,True,None
1st Year,74.7,78.9,77.5,85.3,78.3,74.2,74.2,64.3,Achievable target,75.6,Pass,True,None
3rd Year,79.7,76.0,85.1,86.0,72.5,71.3,85.3,55.7,Achievable target,69.7,Pass,True,None
4th Year,82.6,62.1,69.2,66.4,74.4,87.4,77.0,67.4,Achievable target,85.6,Pass,True,None
4th Year,84.8,97.3,75.8,89.7,98.7,77.4,78.6,67.5,Achievable target,71.5,Pass,True,None
2nd Year,74.3,77.7,89.2,77.8,69.9,75.6,78.7,73.8,Achievable target,80.6,Pass,True,None
1st Year,74.3,68.8,70.0,80.9,97.1,66.7,76.8,61.0,Achievable target,85.9,Pass,True,None
2nd Year,78.9,60.0,71.9,60.0,94.8,79.3,77.4,62.3,Achievable target,80.4,Pass,True,None
4th Year,77.4,67.5,73.8,75.6,60.0,76.2,87.5,64.6,Achievable target,70.9,Pass,True,None
1st Year,79.9,64.0,79.9,64.5,77.3,59.8,62.9,97.1,Cannot pass,100.0,Pass,False,Underperformance
4th Year,100.0,71.7,72.8,81.6,85.3,80.2,73.5,60.1,Achievable target,70.4,Pass,True,None
3rd Year,80.4,73.0,95.1,61.0,86.5,82.0,81.9,53.8,Achievable target,84.8,Pass,True,None
1st Year,79.5,88.4,80.8,60.0,74.2,73.6,78.0,66.7,Achievable target,88.5,Pass,True,None
1st Year,68.9,87.6,94.2,69.2,78.0,88.6,83.7,66.1,Achievable target,54.7,Fail,False,Overperformance
1st Year,79.9,64.5,67.7,87.4,66.2,82.5,82.2,65.1,Achievable target,72.8,Pass,True,None
4th Year,63.3,85.9,93.1,87.0,93.4,81.1,81.7,60.2,Achievable target,83.0,Pass,True,None
2nd Year,84.3,94.6,91.6,87.5,84.6,82.6,77.1,61.8,Achievable target,79.3,Pass,True,None
2nd Year,63.4,92.9,79.7,65.1,90.2,73.9,83.3,52.1,Achievable target,99.7,Pass,True,None
1st Year,61.5,75.2,71.4,60.0,66.1,66.9,67.1,94.8,Cannot pass,67.1,Fail,True,None
4th Year,66.0,63.7,66.7,65.4,72.9,62.8,62.4,98.2,Cannot pass,85.0,Fail,True,None
1st Year,73.5,67.4,60.0,75.9,80.3,86.3,84.8,63.0,Achievable target,97.7,Pass,True,None
1st Year,77.3,60.0,81.2,76.1,77.3,74.4,72.2,78.1,Borderline,69.7,Fail,True,None
2nd Year,77.4,73.3,68.5,75.3,81.0,71.7,71.1,85.3,Borderline,94.1,Pass,True,None
2nd Year,81.8,89.6,100.0,90.5,98.4,71.2,85.3,69.9,Achievable target,82.8,Pass,True,None
4th Year,82.3,70.4,74.5,83.4,66.5,71.0,88.1,58.6,Achievable target,93.8,Pass,True,None
3rd Year,74.4,77.9,80.4,87.8,64.5,86.6,84.4,55.5,Achievable target,59.7,Pass,True,None
1st Year,61.7,65.1,81.0,88.8,73.8,64.9,70.3,88.7,Borderline,98.5,Pass,True,None
1st Year,79.9,79.9,65.5,70.4,66.7,61.2,74.8,92.2,Cannot pass,73.2,Fail,True,None
2nd Year,74.8,85.7,71.6,75.6,85.0,69.8,67.7,81.4,Borderline,78.6,Fail,True,None
3rd Year,78.3,100.0,69.7,74.4,86.0,79.0,80.6,65.9,Achievable target,94.3,Pass,True,None
3rd Year,93.0,60.0,71.8,69.8,90.1,84.0,78.2,57.5,Achievable target,88.1,Pass,True,None
4th Year,82.9,81.2,95.8,60.0,70.6,88.8,72.0,59.7,Achievable target,93.7,Pass,True,None
3rd Year,69.0,91.4,72.2,66.4,67.0,71.2,86.9,62.7,Achievable target,83.3,Pass,True,None
3rd Year,70.6,61.8,84.7,77.2,85.4,80.5,77.5,63.5,Achievable target,82.8,Pass,True,None
2nd Year,63.6,74.0,73.9,69.5,65.3,67.1,63.5,96.8,Cannot pass,90.1,Fail,True,None
1st Year,76.6,75.9,80.2,84.3,61.9,65.0,67.7,86.1,Borderline,80.9,Fail,True,None
1st Year,71.7,84.4,81.4,100.0,69.1,83.9,82.8,68.0,Achievable target,69.1,Pass,True,None
2nd Year,60.6,67.9,71.2,72.0,73.5,70.7,65.2,95.2,Cannot pass,67.6,Fail,True,None
2nd Year,69.1,60.0,69.7,75.7,71.9,66.0,64.3,99.7,Cannot pass,66.9,Fail,True,None
4th Year,76.8,85.4,75.0,63.0,89.9,66.4,74.5,85.7,Borderline,95.5,Pass,True,None
3rd Year,83.4,76.2,64.4,79.5,70.2,82.5,71.2,65.6,Achievable target,65.9,Pass,True,None
2nd Year,91.6,69.1,76.2,90.6,81.9,79.4,83.1,65.0,Achievable target,86.0,Pass,True,None
2nd Year,100.0,62.4,73.8,77.1,75.5,78.3,85.5,69.5,Achievable target,84.6,Pass,True,None
2nd Year,87.8,84.1,80.4,96.1,73.8,82.0,74.1,65.9,Achievable target,76.4,Pass,True,None
2nd Year,67.3,74.4,74.4,60.0,72.9,64.5,61.6,91.5,Cannot pass,89.2,Fail,True,None
2nd Year,97.1,65.2,80.9,80.6,91.2,79.3,76.6,59.5,Achievable target,75.5,Pass,True,None
3rd Year,67.0,92.2,76.4,76.9,68.3,73.7,76.0,58.7,Achievable target,87.3,Pass,True,None
4th Year,66.6,64.8,62.1,70.4,67.6,62.2,68.6,93.7,Cannot pass,70.9,Fail,True,None
3rd Year,74.6,64.7,98.8,64.3,76.4,87.6,75.7,50.8,Achievable target,88.7,Pass,True,None
2nd Year,78.3,64.7,91.3,91.9,77.5,78.7,78.6,72.2,Achievable target,79.5,Pass,True,None
3rd Year,83.9,82.2,65.1,69.6,80.1,73.2,76.3,55.9,Achievable target,60.6,Pass,True,None
4th Year,72.6,82.2,67.2,81.5,63.8,89.0,83.2,66.7,Achievable target,76.8,Pass,True,None
1st Year,68.3,66.7,74.1,69.4,71.4,68.1,69.3,91.7,Cannot pass,89.9,Fail,True,None
2nd Year,77.6,81.2,74.4,75.1,70.6,82.8,83.3,71.0,Achievable target,77.0,Pass,True,None
4th Year,79.3,71.6,71.2,83.9,74.2,69.3,72.4,83.1,Borderline,71.1,Fail,True,None
3rd Year,66.0,77.5,70.9,76.5,76.9,73.3,89.2,53.1,Achievable target,58.7,Pass,True,None
1st Year,83.2,74.7,85.0,68.5,66.9,77.4,73.5,59.0,Achievable target,100.0,Pass,True,None
2nd Year,81.2,79.1,81.3,93.8,95.9,83.0,83.9,60.1,Achievable target,55.1,Fail,False,Overperformance
3rd Year,80.4,99.0,83.8,77.7,88.9,70.2,85.6,59.4,Achievable target,66.3,Pass,True,None
3rd Year,83.8,83.4,60.0,65.9,95.8,80.5,72.7,64.7,Achievable target,90.1,Pass,True,None
4th Year,70.5,92.6,80.0,67.9,97.2,88.5,86.6,62.2,Achievable target,99.8,Pass,True,None
2nd Year,86.3,72.1,71.7,79.2,79.9,72.9,66.6,78.3,Borderline,79.7,Pass,True,None
3rd Year,88.8,100.0,60.0,77.9,75.5,75.8,88.1,60.9,Achievable target,58.5,Fail,False,Overperformance
4th Year,66.5,67.2,60.0,70.4,61.1,67.2,64.9,96.6,Cannot pass,76.9,Fail,True,None
2nd Year,76.7,70.9,79.2,90.2,75.8,72.0,82.4,64.4,Achievable target,54.7,Fail,False,Overperformance
4th Year,84.4,77.5,83.3,72.3,78.4,78.8,70.7,52.6,Achievable target,62.7,Pass,True,None
4th Year,74.8,70.5,94.5,85.1,81.7,75.8,86.5,55.1,Achievable target,75.8,Pass,True,None
4th Year,78.1,77.8,74.5,76.2,74.7,79.6,80.1,66.5,Achievable target,54.5,Fail,False,Overperformance
2nd Year,90.0,74.1,96.7,81.8,96.7,71.1,89.0,65.6,Achievable target,65.7,Pass,True,None
1st Year,81.1,94.0,60.0,74.7,82.9,81.1,88.7,72.5,Achievable target,83.1,Pass,True,None
1st Year,86.6,75.6,71.0,80.2,75.3,68.4,77.6,87.1,Borderline,50.3,Fail,True,None
3rd Year,89.2,83.2,76.4,95.5,91.3,77.5,77.6,53.5,Achievable target,71.4,Pass,True,None
2nd Year,73.5,63.4,65.1,71.4,61.1,67.8,68.5,98.3,Cannot pass,81.7,Fail,True,None
3rd Year,83.8,100.0,63.1,74.5,80.3,70.2,79.4,61.6,Achievable target,84.4,Pass,True,None
4th Year,70.2,75.6,72.2,62.5,98.9,78.7,87.8,72.0,Achievable target,74.0,Pass,True,None
1st Year,64.1,79.4,68.3,80.0,78.7,77.0,89.5,66.6,Achievable target,87.2,Pass,True,None
2nd Year,85.1,66.9,67.6,90.3,88.8,77.5,76.1,61.9,Achievable target,88.5,Pass,True,None
4th Year,66.9,79.2,69.8,70.9,74.8,66.6,72.3,82.9,Borderline,95.0,Pass,True,None
4th Year,78.8,73.3,94.0,94.3,77.3,70.3,70.0,60.5,Achievable target,61.8,Pass,True,None
2nd Year,72.5,73.9,67.8,77.7,64.5,78.4,76.0,85.0,Borderline,88.9,Pass,True,None
3rd Year,100.0,86.3,80.5,93.0,75.3,79.8,80.9,70.1,Achievable target,67.1,Fail,False,Overperformance
4th Year,74.9,90.7,78.4,71.2,89.8,82.0,79.6,55.2,Achievable target,95.6,Pass,True,None
4th Year,85.5,75.7,100.0,73.3,92.9,82.4,78.3,69.0,Achievable target,75.3,Pass,True,None
2nd Year,72.9,81.2,72.7,95.7,68.8,75.2,75.5,55.6,Achievable target,56.0,Pass,True,None
1st Year,60.6,96.8,80.3,90.8,65.2,73.5,89.1,74.0,Achievable target,87.8,Pass,True,None
2nd Year,100.0,68.6,62.5,77.9,60.0,87.1,79.4,59.3,Achievable target,63.3,Pass,True,None
4th Year,80.8,88.9,72.0,98.9,74.4,86.5,83.4,69.1,Achievable target,77.6,Pass,True,None
1st Year,83.9,85.8,68.7,82.6,60.0,70.8,81.4,53.5,Achievable target,67.9,Pass,True,None
1st Year,88.2,64.5,100.0,85.5,77.8,76.4,84.8,70.7,Achievable target,81.2,Pass,True,None
3rd Year,82.4,62.0,85.7,80.1,92.8,82.0,78.9,68.9,Achievable target,73.3,Pass,True,None
4th Year,70.3,68.9,68.1,72.4,75.7,82.9,79.7,65.1,Achievable target,66.0,Pass,True,None
4th Year,68.1,78.4,83.0,73.4,81.8,76.9,81.1,72.6,Achievable target,95.1,Pass,True,None
1st Year,87.3,75.7,100.0,95.6,83.5,78.3,76.7,63.1,Achievable target,74.1,Pass,True,None
3rd Year,85.9,90.5,70.9,66.1,65.1,84.2,81.8,65.1,Achievable target,99.6,Pass,True,None
2nd Year,70.3,71.4,79.0,73.0,80.9,67.3,69.8,86.6,Borderline,78.4,Fail,True,None
3rd Year,67.3,66.0,75.0,60.0,79.9,67.4,67.9,94.9,Cannot pass,87.9,Fail,True,None
2nd Year,80.6,85.7,80.0,63.2,77.2,75.2,74.5,75.3,Borderline,73.9,Fail,True,None
1st Year,80.6,75.2,80.4,81.0,88.1,79.1,79.1,56.4,Achievable target,56.5,Pass,True,None
1st Year,64.3,69.3,70.9,60.0,63.1,69.9,70.5,100.0,Cannot pass,92.2,Fail,True,None
4th Year,71.4,68.8,72.8,77.6,79.9,59.7,72.4,94.0,Cannot pass,92.2,Fail,True,None
1st Year,71.4,82.6,95.1,84.5,88.8,88.5,78.3,72.8,Achievable target,76.4,Pass,True,None
4th Year,86.8,77.8,89.9,64.9,77.5,74.5,69.8,81.9,Borderline,54.5,Fail,True,None
4th Year,89.6,64.8,61.9,71.6,83.0,87.2,86.0,71.1,Achievable target,73.2,Pass,True,None
1st Year,60.0,90.0,71.3,69.7,90.0,85.5,80.0,60.3,Achievable target,79.4,Pass,True,None
3rd Year,68.4,74.7,72.0,69.1,72.5,65.1,64.3,97.6,Cannot pass,76.0,Fail,True,None
1st Year,68.4,70.0,73.1,68.6,72.4,69.0,62.2,92.9,Cannot pass,94.4,Pass,False,Underperformance
3rd Year,79.2,89.3,80.4,83.7,60.5,77.6,78.4,51.5,Achievable target,69.1,Pass,True,None
2nd Year,80.9,82.6,84.6,88.4,99.2,75.0,75.9,54.5,Achievable target,72.6,Pass,True,None
3rd Year,89.5,100.0,71.7,89.2,79.0,85.3,86.1,66.8,Achievable target,75.8,Pass,True,None
4th Year,72.2,91.9,95.1,77.3,60.0,86.3,78.8,59.7,Achievable target,76.6,Pass,True,None
4th Year,75.5,80.8,94.9,69.7,60.0,76.1,68.2,64.4,Achievable target,88.6,Pass,True,None
1st Year,100.0,77.1,82.2,74.6,60.0,79.6,80.2,58.1,Achievable target,99.9,Pass,True,None
4th Year,77.9,71.3,87.5,75.9,88.2,87.8,79.4,64.3,Achievable target,95.5,Pass,True,None
3rd Year,78.0,63.3,68.0,89.9,68.3,67.6,70.4,80.2,Borderline,53.0,Fail,True,None
2nd Year,81.5,89.0,82.2,89.8,92.4,75.0,83.0,53.1,Achievable target,55.0,Pass,True,None
2nd Year,79.9,71.2,68.3,74.2,60.9,66.4,72.2,92.1,Cannot pass,99.0,Pass,False,Underperformance
4th Year,78.7,91.9,75.6,74.3,85.2,80.3,69.8,66.6,Achievable target,92.0,Pass,True,None
4th Year,67.2,76.2,77.3,78.3,70.8,72.6,64.2,94.9,Cannot pass,87.3,Fail,True,None
2nd Year,68.5,65.3,72.9,63.6,67.8,65.3,58.5,96.9,Cannot pass,98.1,Pass,False,Underperformance
1st Year,76.1,85.6,95.0,68.4,76.6,77.6,85.3,55.7,Achievable target,63.0,Pass,True,None
4th Year,76.1,72.0,78.2,81.3,83.8,75.4,85.2,54.6,Achievable target,96.0,Pass,True,None
3rd Year,83.4,70.9,96.1,76.7,70.3,70.1,84.4,62.5,Achievable target,72.0,Pass,True,None
3rd Year,91.0,88.3,68.6,61.4,68.5,82.4,82.6,56.2,Achievable target,69.3,Pass,True,None
1st Year,85.8,73.3,74.3,60.0,78.1,85.7,88.3,61.5,Achievable target,96.1,Pass,True,None
4th Year,69.8,63.2,60.0,60.0,75.0,73.1,66.7,78.6,Borderline,79.5,Pass,True,None
1st Year,60.6,75.8,94.3,70.7,60.0,85.8,79.4,57.5,Achievable target,94.8,Pass,True,None
1st Year,87.0,62.0,87.1,95.8,77.6,79.3,83.1,65.9,Achievable target,91.3,Pass,True,None
4th Year,74.0,100.0,60.0,84.3,60.0,82.0,77.8,66.7,Achievable target,96.3,Pass,True,None
4th Year,100.0,87.6,85.1,85.9,67.6,72.8,76.4,66.0,Achievable target,81.6,Pass,True,None
3rd Year,75.3,74.9,79.4,79.3,77.3,83.9,81.2,54.6,Achievable target,89.3,Pass,True,None
4th Year,72.4,71.5,91.0,77.7,87.5,89.5,86.8,67.1,Achievable target,67.7,Pass,True,None
4th Year,74.1,73.9,76.5,70.3,87.8,80.7,83.2,71.6,Achievable target,76.4,Pass,True,None
2nd Year,65.5,66.8,79.9,60.0,62.9,68.5,64.8,99.6,Cannot pass,59.3,Fail,True,None
4th Year,69.4,66.8,69.0,62.1,72.5,72.6,64.2,96.3,Cannot pass,51.7,Fail,True,None
2nd Year,78.3,69.5,69.1,68.8,67.6,69.0,65.2,94.9,Cannot pass,74.5,Fail,True,None
1st Year,74.8,96.0,75.4,72.4,75.2,74.2,77.2,53.3,Achievable target,58.3,Pass,True,None
1st Year,77.3,80.9,74.7,85.8,79.5,70.0,72.2,83.6,Borderline,84.3,Pass,True,None
4th Year,68.4,60.0,88.8,65.5,83.0,88.4,79.8,62.6,Achievable target,89.7,Pass,True,None
2nd Year,92.3,85.8,84.2,89.3,82.4,81.8,82.1,60.1,Achievable target,72.6,Pass,True,None
1st Year,65.4,79.3,82.5,64.5,80.0,71.3,69.8,86.1,Borderline,53.3,Fail,False,Ambiguity
2nd Year,94.7,85.2,64.4,81.7,74.8,84.3,78.9,52.4,Achievable target,55.3,Pass,True,None
1st Year,61.5,72.2,74.9,68.9,70.9,61.6,68.7,96.5,Cannot pass,88.9,Fail,True,None
1st Year,70.7,69.4,74.8,67.3,61.4,67.5,65.5,94.3,Cannot pass,75.5,Fail,True,None
4th Year,77.5,94.0,89.6,80.2,90.6,77.3,75.4,51.9,Achievable target,70.5,Pass,True,None
3rd Year,67.1,76.4,60.6,71.4,68.1,67.1,66.2,94.0,Cannot pass,60.6,Fail,True,None
1st Year,72.2,60.0,72.5,60.0,73.5,66.8,71.4,93.4,Cannot pass,55.1,Fail,True,None
3rd Year,80.0,93.2,88.5,73.0,73.5,84.6,83.6,62.1,Achievable target,70.0,Pass,True,None
4th Year,92.5,65.4,74.3,63.7,82.9,78.5,81.5,63.4,Achievable target,67.7,Pass,True,None
1st Year,73.9,62.4,73.7,80.4,76.9,67.6,76.4,85.8,Borderline,96.0,Pass,True,None
3rd Year,83.7,62.3,89.3,87.5,99.6,84.9,75.0,66.8,Achievable target,92.5,Pass,True,None
3rd Year,66.1,80.2,100.0,88.1,87.0,74.9,83.0,61.2,Achievable target,96.9,Pass,True,None
3rd Year,68.4,90.1,90.1,71.0,60.0,74.1,79.6,58.7,Achievable target,56.6,Fail,False,Overperformance
4th Year,88.8,74.2,62.1,74.7,97.0,86.1,78.8,66.8,Achievable target,90.5,Pass,True,None
3rd Year,75.0,62.1,60.0,61.2,60.0,67.5,71.1,94.4,Cannot pass,80.8,Fail,True,None
1st Year,72.8,63.7,89.5,85.2,72.2,75.8,85.3,53.2,Achievable target,91.0,Pass,True,None
1st Year,98.2,85.1,88.0,80.0,100.0,85.1,86.8,65.7,Achievable target,75.9,Pass,True,None
1st Year,65.2,84.7,65.0,69.7,73.1,71.8,69.4,87.1,Borderline,79.6,Fail,True,None
4th Year,78.6,78.4,79.5,80.0,96.0,68.7,89.4,67.9,Achievable target,95.8,Pass,True,None
4th Year,62.5,61.8,63.7,74.5,68.7,64.4,61.3,95.2,Cannot pass,98.5,Pass,False,Underperformance
1st Year,86.4,90.4,91.1,79.8,90.3,74.2,79.5,54.5,Achievable target,61.6,Pass,True,None
2nd Year,65.3,81.0,67.6,95.6,76.8,84.0,73.6,55.6,Achievable target,58.7,Pass,True,None
2nd Year,81.5,87.9,74.8,89.5,83.9,83.5,77.5,61.5,Achievable target,99.9,Pass,True,None
4th Year,60.0,74.0,63.7,64.5,78.3,72.0,71.6,95.3,Cannot pass,91.4,Fail,True,None
2nd Year,78.9,64.1,62.4,77.2,68.2,64.5,63.5,94.5,Cannot pass,58.5,Fail,True,None
4th Year,79.8,95.7,86.9,83.5,60.0,80.4,87.2,61.4,Achievable target,65.5,Pass,True,None
3rd Year,60.0,80.0,73.5,70.2,82.7,89.7,78.5,52.6,Achievable target,55.3,Pass,True,None
3rd Year,83.9,69.3,68.9,88.1,76.8,69.0,69.8,82.1,Borderline,70.5,Fail,True,None
3rd Year,73.7,77.2,68.5,87.9,83.0,70.8,69.6,84.1,Borderline,90.4,Pass,True,None
3rd Year,66.4,86.3,78.5,69.0,60.0,83.6,84.4,64.7,Achievable target,90.5,Pass,True,None
4th Year,80.9,68.5,72.0,89.3,76.9,72.8,77.6,62.7,Achievable target,96.4,Pass,True,None
2nd Year,86.9,83.9,73.6,88.6,98.7,75.6,74.5,64.7,Achievable target,94.8,Pass,True,None
4th Year,71.9,77.4,75.2,64.6,70.2,61.4,67.4,94.8,Cannot pass,98.2,Pass,False,Underperformance
3rd Year,84.9,74.9,94.3,70.2,75.8,83.9,77.0,53.4,Achievable target,73.4,Pass,True,None
2nd Year,88.6,92.4,93.9,89.2,71.3,81.5,89.4,50.4,Achievable target,65.6,Pass,True,None
1st Year,75.2,71.5,78.0,83.5,77.1,71.1,73.1,64.5,Achievable target,65.3,Pass,True,None
1st Year,66.6,75.6,93.0,80.0,81.8,74.7,77.1,54.4,Achievable target,89.6,Pass,True,None
2nd Year,67.5,81.6,66.9,61.4,79.6,67.9,66.8,83.4,Borderline,92.0,Pass,True,None
4th Year,67.0,75.0,86.3,76.0,80.4,72.3,71.8,61.5,Achievable target,63.2,Pass,True,None
4th Year,81.1,90.1,78.9,76.1,66.8,75.6,85.0,60.2,Achievable target,93.4,Pass,True,None
3rd Year,92.5,87.1,68.3,62.4,97.5,83.7,87.5,55.7,Achievable target,71.4,Pass,True,None
2nd Year,69.8,71.0,71.8,67.3,66.7,60.9,66.8,93.5,Cannot pass,65.7,Fail,True,None
1st Year,65.9,69.7,76.3,84.0,89.2,72.0,77.2,81.4,Borderline,82.3,Pass,True,None
3rd Year,83.1,92.3,100.0,68.2,71.5,87.1,81.8,67.1,Achievable target,90.8,Pass,True,None
2nd Year,90.4,99.0,63.8,68.1,83.2,85.2,83.3,61.6,Achievable target,71.8,Pass,True,None
2nd Year,76.6,83.8,79.9,79.1,81.9,69.2,66.4,84.0,Borderline,86.5,Pass,True,None
3rd Year,74.4,80.0,74.1,80.8,63.1,74.5,89.8,65.0,Achievable target,92.1,Pass,True,None
3rd Year,72.0,78.6,86.6,61.1,68.9,73.2,78.8,63.7,Achievable target,91.4,Pass,True,None
1st Year,82.6,100.0,75.3,100.0,73.9,85.1,84.4,67.9,Achievable target,93.3,Pass,True,None
1st Year,76.3,70.9,75.8,85.1,75.0,81.8,88.4,62.6,Achievable target,78.5,Pass,True,None
2nd Year,63.0,90.4,69.2,81.3,71.9,76.2,75.9,52.0,Achievable target,68.6,Pass,True,None
3rd Year,79.9,67.7,78.0,73.7,82.7,78.3,85.2,54.4,Achievable target,79.6,Pass,True,None
3rd Year,80.3,96.0,100.0,76.3,81.7,85.5,88.0,65.1,Achievable target,68.0,Pass,True,None
2nd Year,77.7,60.0,64.3,87.1,65.4,87.8,79.2,51.7,Achievable target,61.5,Pass,True,None
4th Year,72.1,80.9,87.0,88.3,82.0,79.5,81.5,55.7,Achievable target,62.8,Pass,True,None
4th Year,66.2,69.6,67.6,73.8,72.3,63.7,69.2,92.1,Cannot pass,88.4,Fail,True,None
4th Year,100.0,72.2,76.1,75.6,83.1,78.5,87.8,67.5,Achievable target,77.1,Pass,True,None
4th Year,62.8,64.6,60.0,60.6,66.0,73.2,64.3,96.6,Cannot pass,94.7,Fail,True,None
2nd Year,82.9,60.0,60.0,76.4,72.7,78.6,79.3,64.1,Achievable target,98.4,Pass,True,None
1st Year,89.5,82.1,76.0,91.9,74.7,82.0,76.2,70.6,Achievable target,96.9,Pass,True,None
4th Year,80.1,78.0,60.0,82.2,87.5,74.6,68.4,57.7,Achievable target,83.9,Pass,True,None
1st Year,66.6,81.4,65.9,92.7,83.5,87.4,75.8,57.4,Achievable target,78.4,Pass,True,None
4th Year,69.0,73.8,68.1,68.9,71.8,68.8,63.2,94.5,Cannot pass,72.3,Fail,True,None
3rd Year,68.1,79.4,78.5,83.8,94.7,73.5,87.2,59.8,Achievable target,84.5,Pass,True,None
3rd Year,73.0,72.3,80.2,76.7,69.6,80.3,86.5,57.4,Achievable target,69.4,Pass,True,None
1st Year,85.4,81.2,92.2,75.4,84.5,76.1,78.1,66.5,Achievable target,52.5,Fail,False,Overperformance
1st Year,72.8,60.8,72.1,85.9,67.7,71.2,73.4,78.1,Borderline,51.7,Fail,False,Ambiguity
3rd Year,70.7,91.3,88.1,76.4,85.9,77.4,75.0,64.1,Achievable target,98.7,Pass,True,None
3rd Year,82.1,69.6,74.0,68.4,78.1,80.2,77.9,58.9,Achievable target,70.7,Pass,True,None
1st Year,71.7,93.8,60.1,70.5,86.2,67.7,85.2,72.8,Achievable target,81.5,Pass,True,None
2nd Year,60.0,87.8,70.2,91.6,91.6,81.3,77.2,58.0,Achievable target,59.1,Pass,True,None
3rd Year,80.0,78.0,78.0,77.4,83.3,70.4,76.0,79.9,Borderline,87.9,Pass,False,Ambiguity
2nd Year,87.5,73.6,80.3,89.4,75.9,74.7,84.7,70.3,Achievable target,71.2,Pass,True,None
4th Year,94.1,77.9,78.4,92.3,97.4,77.6,77.0,69.0,Achievable target,87.6,Pass,True,None
3rd Year,73.8,72.6,72.0,91.7,84.2,78.1,73.5,59.0,Achievable target,69.7,Pass,True,None
1st Year,73.0,90.8,100.0,81.4,92.4,73.9,84.5,50.3,Achievable target,71.7,Pass,True,None
1st Year,67.7,87.8,74.7,84.3,79.2,77.6,85.6,62.5,Achievable target,72.4,Pass,True,None
2nd Year,63.9,76.0,98.4,84.3,69.1,74.1,81.2,65.8,Achievable target,72.1,Pass,True,None
3rd Year,75.0,83.7,80.5,73.0,78.5,76.4,76.9,59.1,Achievable target,70.2,Pass,True,None
3rd Year,75.8,69.8,89.6,85.0,75.4,71.4,72.9,78.4,Borderline,59.3,Fail,False,Ambiguity
1st Year,70.5,75.6,60.8,71.2,67.2,66.1,64.9,93.2,Cannot pass,60.7,Fail,True,None
2nd Year,60.0,72.3,62.8,77.7,72.6,71.1,70.0,84.1,Borderline,51.4,Fail,False,Ambiguity
2nd Year,97.4,65.3,81.2,85.6,73.3,84.5,77.5,58.8,Achievable target,70.2,Pass,True,None
4th Year,82.8,67.4,71.1,73.9,85.8,76.0,81.7,62.3,Achievable target,85.7,Pass,True,None
4th Year,64.3,62.7,70.6,66.9,71.6,67.1,65.4,94.4,Cannot pass,83.5,Fail,True,None
2nd Year,72.6,79.1,83.4,69.7,68.9,81.0,72.8,88.5,Borderline,57.3,Fail,True,None
3rd Year,72.7,86.1,82.9,77.6,88.6,81.7,78.3,69.5,Achievable target,69.6,Pass,True,None
2nd Year,64.7,81.4,98.3,72.4,68.2,80.2,81.0,69.4,Achievable target,85.5,Pass,True,None
3rd Year,75.8,75.9,79.5,83.2,74.9,75.9,76.7,60.1,Achievable target,68.2,Pass,True,None
1st Year,68.4,77.5,71.7,69.7,91.7,69.8,75.2,57.7,Achievable target,97.1,Pass,True,None
2nd Year,76.3,60.0,70.5,70.6,85.6,81.6,78.5,62.9,Achievable target,93.5,Pass,True,None
1st Year,95.1,90.6,72.9,78.6,71.6,84.3,82.1,56.4,Achievable target,64.3,Pass,True,None
2nd Year,69.6,82.8,66.6,60.3,78.2,70.8,74.8,86.1,Borderline,90.9,Pass,True,None
2nd Year,74.9,69.5,63.0,76.9,61.3,67.9,64.4,97.1,Cannot pass,76.5,Fail,True,None
4th Year,92.2,77.1,65.5,91.2,95.4,83.7,84.0,59.9,Achievable target,99.7,Pass,True,None
2nd Year,76.7,71.6,66.4,75.3,86.0,79.0,82.0,63.9,Achievable target,76.8,Pass,True,None
2nd Year,82.0,75.5,60.0,95.1,78.3,78.3,76.3,59.8,Achievable target,66.8,Pass,True,None
3rd Year,65.7,67.0,68.9,62.3,71.5,60.0,59.3,92.2,Cannot pass,64.6,Fail,True,None
2nd Year,71.0,78.1,69.1,69.3,70.8,66.5,71.2,90.8,Cannot pass,51.7,Fail,True,None
1st Year,97.7,85.9,70.4,87.8,68.9,74.2,75.9,62.1,Achievable target,73.2,Pass,True,None
1st Year,91.1,83.6,91.7,87.0,81.0,75.9,86.6,66.5,Achievable target,85.3,Pass,True,None
3rd Year,79.3,71.6,97.9,88.7,68.6,76.8,82.7,70.9,Achievable target,90.5,Pass,True,None
2nd Year,81.6,95.8,78.9,92.4,79.3,76.5,87.0,67.8,Achievable target,69.3,Pass,True,None
1st Year,67.5,79.9,74.6,79.9,64.6,61.5,70.6,96.0,Cannot pass,50.6,Fail,True,None
1st Year,93.8,84.1,93.4,79.4,93.2,78.6,80.4,64.3,Achievable target,69.4,Pass,True,None
1st Year,82.0,75.8,99.8,77.3,77.6,72.4,75.7,66.1,Achievable target,66.5,Pass,True,None
2nd Year,78.4,91.2,67.9,81.4,91.2,84.9,73.2,63.1,Achievable target,51.3,Fail,False,Overperformance
4th Year,80.0,82.2,79.0,80.3,94.1,76.1,79.3,54.8,Achievable target,72.6,Pass,True,None
2nd Year,100.0,60.0,79.9,63.6,63.5,74.9,86.5,63.8,Achievable target,93.3,Pass,True,None
3rd Year,70.1,89.6,86.0,95.3,76.3,79.2,83.3,70.0,Achievable target,76.9,Pass,True,None
1st Year,81.8,86.1,60.3,74.8,86.5,77.5,76.5,69.6,Achievable target,85.6,Pass,True,None
4th Year,100.0,69.7,74.1,93.4,85.5,76.0,83.2,61.6,Achievable target,95.4,Pass,True,None
4th Year,67.7,80.4,89.9,68.2,81.7,70.6,73.5,79.3,Borderline,53.1,Fail,True,None
3rd Year,76.2,81.6,72.4,68.1,71.8,70.1,70.4,87.8,Borderline,95.2,Pass,True,None
4th Year,81.1,82.8,80.3,78.1,78.6,73.7,76.8,62.4,Achievable target,99.6,Pass,True,None
1st Year,82.1,68.2,71.2,83.9,75.7,74.8,80.0,76.8,Borderline,93.9,Pass,True,None
3rd Year,60.0,76.4,83.3,66.6,60.0,85.7,79.6,53.2,Achievable target,99.8,Pass,True,None
2nd Year,64.1,78.5,89.1,83.0,72.3,83.1,79.3,53.7,Achievable target,75.1,Pass,True,None
3rd Year,93.5,96.8,62.7,85.6,95.1,82.8,86.6,64.9,Achievable target,60.3,Fail,False,Overperformance
2nd Year,64.9,70.4,83.8,92.1,80.1,86.4,76.5,63.5,Achievable target,92.6,Pass,True,None
1st Year,68.8,83.4,64.3,85.5,60.0,76.6,73.8,85.4,Borderline,91.0,Pass,False,Ambiguity
3rd Year,72.3,67.1,68.4,63.9,66.2,65.2,65.2,93.7,Cannot pass,77.3,Fail,True,None
1st Year,79.9,92.7,88.9,68.8,100.0,89.0,82.4,71.1,Achievable target,88.2,Pass,True,None
2nd Year,80.6,94.4,69.5,70.1,81.7,80.2,86.9,66.5,Achievable target,88.4,Pass,True,None
4th Year,72.4,100.0,91.4,83.7,87.5,78.2,74.5,51.1,Achievable target,84.9,Pass,True,None
4th Year,60.0,67.5,88.1,85.4,72.6,87.6,82.8,68.8,Achievable target,82.2,Pass,True,None
2nd Year,78.0,93.9,62.7,77.4,75.9,84.0,85.9,69.9,Achievable target,88.9,Pass,True,None
2nd Year,69.4,65.9,66.6,60.0,66.8,64.7,63.1,97.5,Cannot pass,56.1,Fail,True,None
3rd Year,94.2,71.9,60.0,82.6,80.1,75.2,75.0,66.1,Achievable target,70.2,Pass,True,None
4th Year,76.2,69.2,69.1,71.2,74.3,69.7,66.3,93.2,Cannot pass,63.3,Fail,True,None
2nd Year,95.5,78.0,78.3,84.7,89.2,88.6,80.3,56.4,Achievable target,85.8,Pass,True,None
4th Year,61.0,64.7,68.6,71.1,63.9,63.3,63.0,90.8,Cannot pass,84.0,Fail,True,None
3rd Year,96.8,87.4,60.0,61.8,100.0,76.9,86.6,64.8,Achievable target,66.0,Pass,True,None
3rd Year,74.8,76.2,62.5,68.4,65.0,68.5,62.4,92.1,Cannot pass,95.4,Pass,False,Underperformance
2nd Year,89.6,95.3,93.1,84.5,60.0,66.2,84.2,63.4,Achievable target,64.4,Pass,True,None
3rd Year,81.1,73.8,94.8,64.8,95.9,84.6,79.2,54.1,Achievable target,87.4,Pass,True,None
3rd Year,95.9,72.9,76.1,77.4,76.7,76.5,79.5,62.1,Achievable target,87.1,Pass,True,None
3rd Year,86.8,78.4,90.0,74.8,82.2,80.2,75.3,60.3,Achievable target,71.2,Pass,True,None
3rd Year,88.2,91.3,93.9,78.3,88.5,75.9,79.7,58.7,Achievable target,84.1,Pass,True,None
2nd Year,75.3,91.4,84.1,86.7,93.9,84.3,84.8,60.8,Achievable target,93.6,Pass,True,None
3rd Year,63.6,60.0,73.7,80.6,67.3,75.7,89.9,59.9,Achievable target,92.5,Pass,True,None
2nd Year,63.5,70.3,73.9,75.0,63.6,60.5,67.8,94.3,Cannot pass,67.3,Fail,True,None
3rd Year,80.9,69.6,81.7,73.3,81.8,82.7,68.4,60.6,Achievable target,84.5,Pass,True,None
1st Year,94.8,83.8,66.5,70.5,87.0,84.1,70.6,57.7,Achievable target,80.9,Pass,True,None
2nd Year,64.3,60.4,73.8,65.7,68.6,62.2,71.9,90.8,Cannot pass,53.2,Fail,True,None
3rd Year,71.5,71.4,66.6,71.9,69.2,61.0,66.7,91.5,Cannot pass,98.4,Pass,False,Underperformance
2nd Year,83.9,89.5,63.5,75.4,75.4,66.1,71.1,89.0,Borderline,90.7,Pass,True,None
3rd Year,93.6,88.4,75.1,91.5,75.9,82.7,88.3,58.7,Achievable target,53.0,Fail,False,Overperformance
1st Year,86.9,70.3,90.6,96.9,85.9,85.7,79.5,66.1,Achievable target,78.3,Pass,True,None
4th Year,72.9,65.6,73.6,61.6,67.4,66.4,71.9,93.1,Cannot pass,58.1,Fail,True,None
4th Year,79.8,83.0,83.4,98.2,81.9,81.6,77.2,72.2,Achievable target,84.4,Pass,True,None
1st Year,72.6,65.0,66.1,72.8,76.1,63.5,63.4,90.2,Cannot pass,68.0,Fail,True,None
1st Year,73.2,68.4,80.0,69.7,77.0,73.8,75.3,65.0,Achievable target,58.5,Fail,False,Overperformance
1st Year,94.5,100.0,76.7,82.4,67.6,71.0,81.0,69.0,Achievable target,96.6,Pass,True,None
2nd Year,87.7,83.0,70.7,90.0,83.5,79.0,65.3,70.6,Achievable target,84.4,Pass,True,None
2nd Year,75.1,79.4,83.1,96.9,71.3,79.2,74.0,73.8,Achievable target,88.6,Pass,True,None
2nd Year,73.4,73.5,91.9,86.8,85.6,80.7,81.6,61.5,Achievable target,72.4,Pass,True,None
1st Year,67.0,68.0,60.0,73.3,69.2,63.5,68.0,96.3,Cannot pass,86.9,Fail,True,None
2nd Year,72.9,68.4,60.0,70.3,70.3,71.6,68.0,95.9,Cannot pass,79.2,Fail,True,None
3rd Year,80.3,74.4,85.8,90.1,74.1,75.6,75.3,70.1,Achievable target,86.1,Pass,True,None
3rd Year,81.3,78.8,91.3,74.6,67.4,88.9,76.8,62.8,Achievable target,64.4,Pass,True,None
3rd Year,79.8,64.2,67.5,73.7,76.7,57.4,70.0,94.3,Cannot pass,84.2,Fail,True,None
3rd Year,68.7,86.6,80.1,85.2,68.0,74.2,68.9,80.8,Borderline,82.8,Pass,True,None
1st Year,85.1,80.8,95.5,73.8,94.4,70.1,79.2,66.5,Achievable target,90.2,Pass,True,None
4th Year,92.0,71.4,100.0,75.1,77.2,67.6,85.8,69.3,Achievable target,98.0,Pass,True,None
4th Year,96.2,69.0,77.1,86.2,97.8,75.6,79.0,69.2,Achievable target,79.5,Pass,True,None
4th Year,60.0,81.5,74.6,75.5,73.8,84.3,79.4,69.4,Achievable target,76.2,Pass,True,None
4th Year,93.4,86.7,80.1,92.5,85.3,80.0,79.4,59.1,Achievable target,97.3,Pass,True,None
2nd Year,73.9,92.4,75.2,60.0,88.7,77.8,76.1,55.0,Achievable target,90.4,Pass,True,None
1st Year,90.0,75.8,75.3,69.6,60.7,76.8,72.5,63.2,Achievable target,82.9,Pass,True,None
1st Year,67.6,66.9,75.3,71.2,73.0,59.0,60.4,96.3,Cannot pass,79.1,Fail,True,None
1st Year,84.9,85.9,77.2,65.1,76.0,88.1,73.6,54.1,Achievable target,68.3,Pass,True,None
4th Year,83.9,81.0,80.9,76.8,95.3,79.9,61.8,69.1,Achievable target,83.3,Pass,True,None
4th Year,82.9,78.7,90.6,93.0,60.0,86.9,84.5,69.3,Achievable target,90.9,Pass,True,None
1st Year,83.5,68.0,87.4,93.5,82.3,82.1,84.7,64.0,Achievable target,92.8,Pass,True,None
4th Year,97.2,78.2,66.1,100.0,74.6,77.3,70.5,67.7,Achievable target,93.3,Pass,True,None
3rd Year,81.1,82.3,71.9,65.3,60.0,70.3,70.0,84.2,Borderline,85.9,Pass,False,Ambiguity
4th Year,87.3,80.4,94.1,88.9,89.1,84.8,86.7,63.0,Achievable target,91.6,Pass,True,None
1st Year,60.0,94.2,77.7,78.1,85.8,75.9,75.5,55.9,Achievable target,53.6,Fail,False,Overperformance
2nd Year,83.2,82.5,82.1,80.1,76.2,74.9,73.5,82.4,Borderline,96.0,Pass,True,None
1st Year,92.8,77.6,87.7,95.3,95.9,72.6,82.5,52.4,Achievable target,73.1,Pass,True,None
4th Year,78.5,60.0,89.1,98.0,74.5,82.0,80.1,60.2,Achievable target,88.9,Pass,True,None
2nd Year,71.0,97.7,77.7,84.7,78.3,80.1,82.8,71.8,Achievable target,78.1,Pass,True,None
2nd Year,91.4,74.6,75.4,84.1,77.1,68.1,82.5,59.8,Achievable target,52.0,Fail,False,Overperformance
3rd Year,87.6,70.0,85.1,89.3,91.8,71.7,82.9,63.5,Achievable target,86.8,Pass,True,None
1st Year,91.7,60.0,82.6,61.9,68.3,74.6,77.9,73.5,Achievable target,92.9,Pass,True,None
2nd Year,68.3,82.1,84.4,89.9,76.3,69.0,75.0,86.8,Borderline,93.1,Pass,False,Ambiguity
3rd Year,68.8,81.0,94.7,98.5,81.5,69.5,81.3,65.4,Achievable target,52.0,Fail,False,Overperformance
3rd Year,96.8,92.0,65.4,92.5,82.0,85.4,83.6,58.7,Achievable target,94.8,Pass,True,None
4th Year,63.3,100.0,90.5,78.6,82.7,75.4,84.7,53.3,Achievable target,66.0,Pass,True,None
3rd Year,69.6,67.9,78.0,66.9,71.9,67.7,60.2,98.0,Cannot pass,79.7,Fail,True,None
1st Year,78.2,72.6,88.5,79.1,89.9,78.0,78.0,61.3,Achievable target,56.5,Fail,False,Overperformance
1st Year,67.0,73.5,67.8,65.6,74.7,68.7,66.2,93.0,Cannot pass,72.6,Fail,True,None
3rd Year,75.9,95.4,88.6,60.0,89.9,81.9,76.9,54.8,Achievable target,95.1,Pass,True,None
1st Year,85.4,78.6,77.2,97.5,60.0,66.9,83.8,58.9,Achievable target,84.7,Pass,True,None
4th Year,73.0,90.2,74.3,72.6,100.0,80.1,77.0,61.3,Achievable target,98.0,Pass,True,None
2nd Year,73.0,93.7,72.9,60.0,71.0,84.3,75.4,70.3,Achievable target,93.8,Pass,True,None
2nd Year,80.5,76.6,72.5,90.1,93.1,81.5,64.7,64.0,Achievable target,74.3,Pass,True,None
4th Year,72.2,73.3,74.7,71.1,73.0,73.2,64.4,91.1,Cannot pass,96.1,Pass,False,Underperformance
2nd Year,73.5,78.4,71.9,100.0,69.0,83.0,76.9,67.6,Achievable target,82.5,Pass,True,None
1st Year,95.6,70.8,81.6,100.0,69.1,83.7,78.9,57.1,Achievable target,63.5,Pass,True,None
4th Year,60.0,89.3,91.2,76.0,90.9,71.5,83.2,60.5,Achievable target,78.2,Pass,True,None
1st Year,100.0,79.7,82.5,68.1,77.1,75.0,74.0,64.9,Achievable target,68.1,Pass,True,None
1st Year,76.0,85.0,86.7,71.4,73.6,76.5,87.2,57.1,Achievable target,99.0,Pass,True,None
1st Year,79.9,69.3,67.3,79.9,75.8,68.1,65.8,92.0,Cannot pass,55.8,Fail,True,None
1st Year,100.0,60.0,100.0,91.8,80.3,78.7,81.7,69.5,Achievable target,97.4,Pass,True,None
3rd Year,84.9,85.6,69.4,89.9,100.0,77.3,77.6,51.3,Achievable target,66.2,Pass,True,None
2nd Year,77.8,100.0,86.6,69.0,66.4,82.6,80.4,62.3,Achievable target,80.9,Pass,True,None
2nd Year,84.3,79.9,79.7,65.1,60.0,69.7,83.4,65.9,Achievable target,82.2,Pass,True,None
1st Year,83.9,74.5,89.4,83.7,84.5,75.1,72.4,61.5,Achievable target,72.1,Pass,True,None
4th Year,60.0,75.2,60.7,78.4,82.2,77.6,77.0,66.6,Achievable target,84.8,Pass,True,None
4th Year,66.3,61.7,76.1,74.1,70.2,67.4,65.1,92.8,Cannot pass,65.9,Fail,True,None
2nd Year,84.6,86.8,89.3,100.0,63.8,79.0,82.3,60.5,Achievable target,81.6,Pass,True,None
4th Year,98.8,89.8,91.6,74.1,76.0,72.6,84.9,67.1,Achievable target,96.4,Pass,True,None
4th Year,100.0,83.9,84.0,100.0,85.2,84.9,75.0,71.0,Achievable target,74.9,Pass,True,None
3rd Year,83.1,61.1,85.4,81.5,83.8,83.0,80.5,59.6,Achievable target,64.5,Pass,True,None
1st Year,85.3,60.0,86.9,100.0,84.3,73.1,75.2,52.4,Achievable target,92.7,Pass,True,None
4th Year,60.4,69.8,70.2,77.3,76.0,69.1,65.1,96.5,Cannot pass,97.3,Pass,False,Underperformance
2nd Year,85.2,79.2,83.1,93.3,77.2,84.2,85.9,57.4,Achievable target,76.2,Pass,True,None
1st Year,70.7,73.9,79.9,79.9,71.8,62.5,64.1,97.3,Cannot pass,99.4,Pass,False,Underperformance
3rd Year,87.1,86.3,72.1,74.3,92.3,81.8,85.0,63.7,Achievable target,74.3,Pass,True,None
1st Year,61.2,71.1,78.9,79.9,67.1,65.3,72.6,97.5,Cannot pass,81.2,Fail,True,None
1st Year,100.0,95.6,84.2,79.5,90.3,79.9,73.7,67.4,Achievable target,99.7,Pass,True,None
4th Year,76.7,65.4,77.2,100.0,73.0,79.0,79.3,56.9,Achievable target,82.9,Pass,True,None
2nd Year,86.8,85.5,64.1,80.4,83.6,75.2,78.2,73.5,Achievable target,75.4,Pass,True,None
4th Year,89.2,93.1,83.8,82.7,80.3,81.8,73.5,69.0,Achievable target,75.3,Pass,True,None
2nd Year,89.2,69.0,82.9,79.3,60.0,69.9,79.6,68.3,Achievable target,78.3,Pass,True,None
2nd Year,86.3,72.6,76.5,67.3,92.1,85.3,87.2,64.0,Achievable target,68.0,Pass,True,None
3rd Year,60.0,83.5,68.7,79.6,60.0,86.7,77.0,54.2,Achievable target,70.4,Pass,True,None
2nd Year,72.6,65.2,69.7,68.4,73.9,66.2,67.4,95.3,Cannot pass,97.0,Pass,False,Underperformance
2nd Year,71.0,67.9,83.6,77.9,76.6,76.5,77.7,57.9,Achievable target,71.7,Pass,True,None
4th Year,78.3,97.6,60.0,62.6,71.9,84.8,68.6,56.2,Achievable target,91.6,Pass,True,None
3rd Year,81.1,69.8,72.0,72.9,67.8,83.8,76.5,69.0,Achievable target,93.4,Pass,True,None
3rd Year,75.7,69.7,71.2,79.2,79.2,67.6,66.0,96.0,Cannot pass,97.4,Pass,False,Underperformance
4th Year,84.8,64.2,73.5,99.6,67.1,85.9,76.1,62.9,Achievable target,77.9,Pass,True,None
2nd Year,97.8,82.2,89.8,68.7,86.8,82.8,80.3,58.0,Achievable target,77.7,Pass,True,None
3rd Year,62.9,72.8,64.9,64.8,67.6,75.1,61.7,91.8,Cannot pass,97.5,Pass,False,Underperformance
2nd Year,87.2,83.1,62.0,91.2,74.8,82.3,75.4,73.7,Achievable target,84.4,Pass,True,None
1st Year,83.4,65.0,86.5,86.6,81.6,76.3,80.3,53.8,Achievable target,65.8,Pass,True,None
3rd Year,73.3,89.9,77.6,85.5,81.3,74.3,77.0,87.1,Borderline,83.3,Fail,True,None
3rd Year,94.3,92.1,92.7,74.4,93.4,87.3,79.5,58.6,Achievable target,52.1,Fail,False,Overperformance
2nd Year,66.1,76.6,62.4,75.9,70.3,57.9,71.0,98.8,Cannot pass,99.1,Pass,False,Underperformance
2nd Year,64.2,70.1,74.6,68.2,62.0,69.8,66.2,99.0,Cannot pass,93.0,Fail,True,None
2nd Year,61.0,62.9,62.6,60.0,66.1,68.5,64.9,96.1,Cannot pass,75.4,Fail,True,None
4th Year,96.6,96.0,87.2,71.3,89.7,70.3,73.1,71.5,Achievable target,55.5,Fail,False,Overperformance
4th Year,99.7,64.0,64.2,62.9,81.3,76.7,80.4,66.8,Achievable target,95.6,Pass,True,None
4th Year,74.8,62.1,77.5,62.3,73.8,62.1,62.6,95.6,Cannot pass,66.0,Fail,True,None
4th Year,83.8,80.7,70.0,67.6,81.7,71.8,79.5,54.9,Achievable target,83.3,Pass,True,None
1st Year,100.0,76.0,81.9,60.0,72.2,76.8,83.8,69.0,Achievable target,83.9,Pass,True,None
2nd Year,70.1,70.9,78.3,89.9,61.2,65.5,68.4,83.2,Borderline,57.4,Fail,False,Ambiguity
3rd Year,69.2,68.7,66.4,64.8,73.4,60.3,60.7,97.0,Cannot pass,54.2,Fail,True,None
4th Year,63.8,85.0,93.4,92.3,88.4,86.6,86.2,68.2,Achievable target,77.4,Pass,True,None
1st Year,79.8,74.9,69.5,74.7,83.6,84.7,73.8,67.7,Achievable target,76.2,Pass,True,None
4th Year,80.5,86.8,87.6,74.0,63.8,73.8,86.4,61.3,Achievable target,88.7,Pass,True,None
2nd Year,80.9,89.9,60.0,89.9,67.2,72.2,71.6,80.7,Borderline,72.9,Fail,True,None
3rd Year,74.6,79.2,93.6,100.0,70.2,77.9,85.5,54.0,Achievable target,68.7,Pass,True,None
1st Year,96.7,89.7,63.8,88.4,75.9,81.1,81.2,71.6,Achievable target,89.0,Pass,True,None
2nd Year,89.9,75.9,70.6,83.0,65.6,68.3,77.7,76.7,Borderline,51.4,Fail,True,None
1st Year,83.1,78.6,69.0,94.1,66.9,79.2,89.1,70.7,Achievable target,96.1,Pass,True,None
1st Year,86.8,91.9,76.7,100.0,67.1,80.4,82.5,59.1,Achievable target,54.7,Fail,False,Overperformance
2nd Year,69.5,60.0,97.1,82.9,75.3,75.9,88.8,67.5,Achievable target,98.4,Pass,True,None
1st Year,66.4,64.4,77.3,67.6,79.9,62.5,72.2,97.8,Cannot pass,95.4,Fail,True,None
3rd Year,76.8,95.7,85.0,78.4,83.6,80.4,78.6,58.0,Achievable target,98.0,Pass,True,None
2nd Year,84.2,74.7,81.8,70.9,80.4,86.4,81.7,60.0,Achievable target,79.7,Pass,True,None
4th Year,91.5,92.5,86.8,68.2,60.0,71.4,76.7,71.7,Achievable target,87.7,Pass,True,None
4th Year,69.1,84.9,90.2,82.7,72.2,80.6,83.0,53.6,Achievable target,60.9,Pass,True,None
3rd Year,60.0,89.6,73.7,81.0,97.2,80.7,75.3,61.3,Achievable target,81.6,Pass,True,None
1st Year,89.5,87.6,94.0,89.5,72.2,88.8,81.6,63.1,Achievable target,66.2,Pass,True,None
1st Year,84.8,90.5,100.0,91.8,75.6,78.0,78.1,58.6,Achievable target,86.4,Pass,True,None
2nd Year,86.8,79.8,64.6,83.8,76.2,87.2,77.6,63.8,Achievable target,64.1,Pass,True,None
1st Year,72.2,60.0,60.0,69.2,93.2,71.0,81.3,56.0,Achievable target,73.4,Pass,True,None
1st Year,85.0,74.1,70.3,66.8,65.4,82.6,80.2,64.0,Achievable target,71.0,Pass,True,None
2nd Year,83.4,85.8,71.5,60.0,60.0,83.0,78.8,62.4,Achievable target,70.1,Pass,True,None
4th Year,67.8,66.9,100.0,77.3,78.9,81.8,80.7,62.5,Achievable target,73.5,Pass,True,None
2nd Year,71.0,61.2,62.1,81.5,68.4,72.0,73.3,57.2,Achievable target,60.0,Pass,True,None
2nd Year,74.8,67.8,69.4,68.7,68.9,65.2,62.2,95.7,Cannot pass,60.6,Fail,True,None
4th Year,89.3,66.2,86.6,87.1,73.2,83.5,75.8,69.9,Achievable target,90.2,Pass,True,None
4th Year,70.7,75.4,62.9,79.4,79.6,62.6,73.0,79.8,Borderline,53.0,Fail,True,None
2nd Year,67.7,72.5,75.6,60.0,71.9,66.2,67.4,95.8,Cannot pass,78.2,Fail,True,None
1st Year,77.9,82.9,86.6,73.8,90.3,80.2,79.7,68.3,Achievable target,89.6,Pass,True,None
4th Year,83.1,75.5,92.4,89.8,85.7,87.0,74.1,65.0,Achievable target,66.6,Pass,True,None
3rd Year,85.3,88.0,67.5,85.0,79.5,66.0,88.8,51.5,Achievable target,67.8,Pass,True,None
4th Year,81.1,71.6,83.9,70.4,75.3,77.2,74.4,64.8,Achievable target,91.4,Pass,True,None
3rd Year,72.9,84.0,83.9,68.9,69.5,79.7,85.6,71.3,Achievable target,94.1,Pass,True,None
1st Year,89.6,60.0,88.6,85.1,86.9,83.3,80.5,63.0,Achievable target,91.1,Pass,True,None
3rd Year,67.9,66.8,72.7,68.4,76.8,79.4,81.6,60.9,Achievable target,82.6,Pass,True,None
3rd Year,77.5,93.8,95.6,71.6,72.8,85.4,80.6,61.7,Achievable target,91.9,Pass,True,None
3rd Year,73.9,84.4,79.1,83.1,70.8,81.1,87.7,54.6,Achievable target,60.4,Pass,True,None
2nd Year,60.1,68.5,70.5,71.0,72.0,71.0,70.1,97.1,Cannot pass,86.4,Fail,True,None
4th Year,67.2,84.0,73.9,77.6,72.9,66.7,71.8,83.3,Borderline,95.6,Pass,True,None
4th Year,76.2,64.8,62.2,68.2,67.0,64.3,70.9,94.8,Cannot pass,82.0,Fail,True,None
3rd Year,73.0,93.4,84.9,70.4,94.8,83.6,75.7,61.6,Achievable target,64.8,Pass,True,None
4th Year,70.6,90.3,68.4,72.8,73.1,85.1,73.8,63.3,Achievable target,78.9,Pass,True,None
4th Year,82.9,74.4,92.6,93.0,92.3,82.6,64.4,63.4,Achievable target,67.8,Pass,True,None
2nd Year,100.0,70.7,73.1,90.9,90.3,86.4,79.7,51.0,Achievable target,58.6,Pass,True,None
4th Year,74.0,77.1,78.2,98.9,65.4,77.6,86.3,63.1,Achievable target,93.3,Pass,True,None
1st Year,87.5,60.0,70.3,82.6,67.4,73.0,89.5,54.6,Achievable target,82.1,Pass,True,None
3rd Year,68.6,89.1,71.0,68.0,76.4,67.5,71.8,85.0,Borderline,83.4,Fail,False,Ambiguity
3rd Year,61.9,68.9,72.6,65.0,83.3,74.7,74.6,77.3,Borderline,91.4,Pass,True,None
3rd Year,84.7,76.6,86.7,77.3,100.0,85.0,82.5,69.3,Achievable target,91.0,Pass,True,None
2nd Year,68.4,70.8,70.6,68.8,64.3,66.7,68.0,91.4,Cannot pass,63.1,Fail,True,None
1st Year,85.5,87.0,88.4,85.3,74.3,82.1,82.9,64.6,Achievable target,76.2,Pass,True,None
1st Year,71.5,85.4,64.9,95.2,85.7,81.7,76.1,66.0,Achievable target,86.0,Pass,True,None
4th Year,91.9,84.8,69.2,87.3,73.1,82.5,77.8,64.4,Achievable target,74.1,Pass,True,None
3rd Year,70.9,65.0,67.8,71.1,67.2,67.4,66.4,98.8,Cannot pass,68.2,Fail,True,None
4th Year,75.2,66.4,76.3,69.8,72.1,64.0,62.6,94.4,Cannot pass,50.0,Fail,True,None
2nd Year,65.9,73.5,64.6,64.1,68.0,63.2,60.7,91.9,Cannot pass,73.5,Fail,True,None
2nd Year,71.4,76.9,65.9,86.6,89.7,79.7,82.3,64.8,Achievable target,76.9,Pass,True,None
4th Year,90.5,79.0,65.2,84.0,97.5,78.5,75.8,63.7,Achievable target,63.9,Pass,True,None
4th Year,94.2,69.2,81.2,66.0,83.9,80.7,77.2,56.1,Achievable target,57.6,Pass,True,None
3rd Year,74.0,60.0,67.5,72.6,70.8,60.7,64.7,92.7,Cannot pass,96.1,Pass,False,Underperformance
2nd Year,67.3,79.9,68.2,71.8,66.1,60.2,66.4,95.7,Cannot pass,60.7,Fail,True,None
2nd Year,72.6,87.1,100.0,61.8,94.1,76.6,77.6,61.0,Achievable target,80.3,Pass,True,None
3rd Year,78.4,83.0,83.1,79.2,94.9,71.8,76.5,59.9,Achievable target,80.9,Pass,True,None
1st Year,65.7,75.3,86.4,60.0,81.2,66.4,61.1,80.4,Borderline,78.6,Fail,True,None
2nd Year,63.9,63.5,77.3,72.9,67.0,68.9,66.2,93.7,Cannot pass,68.3,Fail,True,None
1st Year,79.0,77.6,60.0,76.1,82.2,80.6,82.3,60.8,Achievable target,67.3,Pass,True,None
3rd Year,65.8,72.9,72.8,80.1,85.5,85.2,83.8,65.4,Achievable target,77.3,Pass,True,None
2nd Year,64.5,81.5,64.2,75.9,77.8,83.6,66.6,63.7,Achievable target,65.0,Pass,True,None
4th Year,74.1,75.0,95.3,95.8,87.0,82.6,81.2,68.5,Achievable target,77.9,Pass,True,None
1st Year,70.3,91.3,80.8,86.7,60.0,79.9,75.8,54.2,Achievable target,69.8,Pass,True,None
4th Year,72.3,68.0,68.6,70.7,66.1,62.7,67.2,95.6,Cannot pass,79.0,Fail,True,None
2nd Year,100.0,89.2,83.8,60.0,91.4,78.8,73.8,62.7,Achievable target,74.4,Pass,True,None
4th Year,74.4,77.5,70.2,68.9,68.0,67.8,68.8,93.6,Cannot pass,86.3,Fail,True,None
2nd Year,64.3,65.1,77.0,64.2,60.0,66.7,68.6,99.4,Cannot pass,66.3,Fail,True,None
4th Year,90.8,80.9,76.9,80.3,81.1,75.3,76.0,66.1,Achievable target,74.0,Pass,True,None
2nd Year,96.4,82.1,87.1,90.9,79.4,78.4,65.7,56.8,Achievable target,58.2,Pass,True,None
2nd Year,76.7,87.5,81.5,91.0,100.0,82.4,87.2,62.4,Achievable target,75.2,Pass,True,None
1st Year,75.2,70.1,81.4,74.7,89.1,81.3,81.0,61.5,Achievable target,92.7,Pass,True,None
4th Year,64.3,85.9,82.6,98.1,70.8,77.9,77.1,72.3,Achievable target,82.8,Pass,True,None
3rd Year,84.6,85.4,93.2,82.6,70.3,84.1,79.4,71.1,Achievable target,94.1,Pass,True,None
4th Year,72.1,61.4,71.4,76.1,72.5,73.5,64.8,95.4,Cannot pass,79.2,Fail,True,None
3rd Year,92.6,77.2,67.1,78.8,91.6,74.8,81.1,55.0,Achievable target,52.9,Fail,False,Overperformance
1st Year,91.5,70.5,90.2,75.7,74.3,83.2,76.1,65.7,Achievable target,81.0,Pass,True,None
3rd Year,68.7,85.8,62.8,91.3,75.5,78.8,72.1,64.2,Achievable target,72.6,Pass,True,None
2nd Year,63.8,78.8,85.9,60.0,83.7,85.0,89.7,68.6,Achievable target,75.0,Pass,True,None
2nd Year,76.4,71.8,69.0,60.0,99.1,81.1,76.5,73.8,Achievable target,97.7,Pass,True,None
2nd Year,70.5,86.7,65.5,72.1,66.6,79.7,84.5,51.7,Achievable target,59.0,Pass,True,None
1st Year,60.2,78.1,81.0,61.9,60.5,81.0,80.0,54.6,Achievable target,63.2,Pass,True,None
3rd Year,67.8,72.5,71.6,73.4,76.6,72.7,71.9,86.9,Borderline,80.7,Fail,True,None
3rd Year,70.3,77.7,99.9,83.0,85.9,79.5,71.7,68.8,Achievable target,56.2,Fail,False,Overperformance
3rd Year,87.7,79.1,69.2,89.0,82.2,78.2,70.9,53.8,Achievable target,74.7,Pass,True,None
1st Year,78.5,71.6,66.1,70.1,79.9,67.5,69.9,97.3,Cannot pass,61.0,Fail,True,None
1st Year,90.8,100.0,74.5,83.6,91.0,86.1,86.6,65.1,Achievable target,67.6,Pass,True,None
4th Year,61.5,73.6,62.0,71.0,77.0,68.8,68.0,96.5,Cannot pass,81.8,Fail,True,None
1st Year,63.4,92.3,60.0,76.1,89.3,76.9,81.3,64.1,Achievable target,90.6,Pass,True,None
4th Year,77.8,70.8,64.3,66.6,84.0,75.4,71.3,65.0,Achievable target,90.7,Pass,True,None
4th Year,60.0,97.2,81.6,100.0,77.7,83.7,83.1,70.1,Achievable target,97.5,Pass,True,None
3rd Year,94.5,79.4,84.6,80.0,95.4,87.9,81.4,69.8,Achievable target,83.5,Pass,True,None
3rd Year,73.6,62.3,66.2,92.9,87.2,85.9,77.8,62.8,Achievable target,67.2,Pass,True,None
2nd Year,76.5,72.8,70.5,79.9,76.6,63.0,66.3,91.8,Cannot pass,57.1,Fail,True,None
1st Year,76.6,83.0,81.6,63.0,86.2,88.1,78.0,70.2,Achievable target,71.3,Pass,True,None
1st Year,86.3,65.0,75.0,60.0,72.5,84.3,76.4,50.2,Achievable target,50.5,Pass,True,None
4th Year,75.8,79.2,60.0,87.6,72.6,73.1,74.0,80.5,Borderline,56.7,Fail,False,Ambiguity
4th Year,72.0,77.6,70.4,85.2,77.6,73.2,71.9,84.6,Borderline,82.4,Fail,True,None
2nd Year,75.5,90.5,76.0,81.2,86.7,83.5,82.7,68.2,Achievable target,70.4,Pass,True,None
2nd Year,91.4,88.5,100.0,78.8,93.8,72.1,66.5,51.1,Achievable target,99.1,Pass,True,None
3rd Year,94.2,87.5,73.5,87.9,69.6,88.6,78.5,57.5,Achievable target,83.4,Pass,True,None
2nd Year,81.8,95.8,87.9,74.2,78.6,77.1,76.7,51.8,Achievable target,54.8,Pass,True,None
2nd Year,100.0,86.2,60.0,64.2,79.4,70.1,82.3,65.9,Achievable target,87.9,Pass,True,None
3rd Year,75.1,77.3,79.9,69.2,76.0,68.1,75.9,81.4,Borderline,70.8,Fail,True,None
3rd Year,74.7,91.2,100.0,81.0,86.8,87.0,75.6,58.1,Achievable target,64.1,Pass,True,None
1st Year,87.7,76.6,96.3,88.7,73.2,81.4,70.9,55.3,Achievable target,63.3,Pass,True,None
2nd Year,77.4,99.8,100.0,94.8,74.6,88.4,72.2,65.2,Achievable target,82.8,Pass,True,None
4th Year,83.8,76.5,84.2,64.1,85.6,72.5,73.5,75.4,Borderline,93.3,Pass,True,None
2nd Year,85.7,82.8,73.6,81.4,80.8,76.1,74.4,68.7,Achievable target,91.4,Pass,True,None
4th Year,89.6,70.5,68.3,77.4,81.8,80.7,74.4,56.8,Achievable target,52.6,Fail,False,Overperformance
1st Year,70.6,66.9,79.3,73.5,63.8,75.7,81.7,71.4,Achievable target,97.9,Pass,True,None
2nd Year,66.1,71.5,63.9,74.8,84.8,77.5,72.3,77.9,Borderline,57.1,Fail,True,None
4th Year,60.0,63.6,74.4,75.5,65.7,72.2,66.8,91.1,Cannot pass,67.3,Fail,True,None
2nd Year,65.0,67.7,75.4,76.5,63.2,62.8,75.2,93.6,Cannot pass,97.7,Pass,False,Underperformance
2nd Year,71.9,66.6,89.9,75.7,75.1,74.8,75.4,86.2,Borderline,95.8,Pass,True,None
3rd Year,72.8,91.6,100.0,60.2,86.5,82.5,84.9,60.9,Achievable target,63.3,Pass,True,None
4th Year,63.8,63.9,84.9,88.3,73.5,79.1,73.2,67.3,Achievable target,86.5,Pass,True,None
3rd Year,80.1,78.7,60.0,63.4,91.5,83.0,81.7,63.6,Achievable target,85.6,Pass,True,None
4th Year,66.6,75.0,61.4,78.6,79.9,68.5,70.0,93.7,Cannot pass,79.0,Fail,True,None
1st Year,90.3,87.5,74.3,62.7,84.9,79.8,76.8,66.9,Achievable target,95.7,Pass,True,None
3rd Year,67.8,68.8,68.5,81.9,92.8,77.7,82.2,56.3,Achievable target,55.0,Fail,False,Overperformance
2nd Year,91.1,71.1,72.9,76.5,77.0,89.9,83.0,58.9,Achievable target,97.2,Pass,True,None
4th Year,65.0,70.9,72.8,62.3,68.9,70.9,60.2,94.9,Cannot pass,72.6,Fail,True,None
4th Year,86.2,90.9,92.7,91.3,80.5,77.1,88.2,58.1,Achievable target,85.8,Pass,True,None
2nd Year,100.0,69.5,80.9,72.1,79.5,83.8,79.3,58.3,Achievable target,63.5,Pass,True,None
3rd Year,71.8,60.0,97.8,72.0,66.9,86.4,79.6,59.3,Achievable target,88.5,Pass,True,None
2nd Year,85.1,63.4,76.2,79.7,78.6,68.2,68.1,78.0,Borderline,76.1,Fail,True,None
2nd Year,79.8,93.2,85.5,98.4,60.0,81.1,88.7,61.9,Achievable target,75.9,Pass,True,None
4th Year,91.4,67.8,77.1,96.9,100.0,72.0,79.0,63.4,Achievable target,81.7,Pass,True,None
3rd Year,63.3,72.1,74.4,85.9,79.7,85.0,86.8,65.5,Achievable target,60.9,Fail,False,Overperformance
4th Year,98.6,84.6,98.1,86.7,63.7,70.8,80.3,55.9,Achievable target,94.1,Pass,True,None
2nd Year,94.4,79.3,71.1,94.7,99.3,66.8,73.9,51.2,Achievable target,77.0,Pass,True,None
3rd Year,83.8,80.3,65.1,87.6,60.0,79.2,83.9,59.4,Achievable target,78.0,Pass,True,None
1st Year,86.4,79.9,61.5,98.4,81.2,78.2,75.5,65.1,Achievable target,88.8,Pass,True,None
1st Year,60.0,79.9,78.7,70.6,71.5,69.6,65.1,98.7,Cannot pass,81.6,Fail,True,None
4th Year,81.9,62.7,81.3,96.0,75.4,75.7,75.8,67.1,Achievable target,89.9,Pass,True,None
3rd Year,70.0,70.9,68.8,78.1,77.9,72.4,64.0,80.3,Borderline,93.5,Pass,True,None
3rd Year,60.0,85.6,92.0,72.6,70.5,75.6,78.0,61.9,Achievable target,65.8,Pass,True,None
4th Year,78.0,66.8,75.2,85.1,67.9,80.8,76.4,62.7,Achievable target,84.6,Pass,True,None
4th Year,80.3,85.9,80.1,85.3,76.9,75.4,75.0,80.3,Borderline,84.4,Pass,True,None
4th Year,79.7,68.6,76.8,80.2,80.0,77.0,83.5,55.8,Achievable target,97.6,Pass,True,None
4th Year,71.9,60.0,75.4,71.6,91.5,76.4,74.7,53.1,Achievable target,57.8,Pass,True,None
2nd Year,60.0,66.6,67.4,67.9,72.2,67.1,69.1,98.7,Cannot pass,53.6,Fail,True,None
2nd Year,84.5,64.4,88.0,75.8,79.1,84.6,76.7,66.6,Achievable target,99.8,Pass,True,None
1st Year,66.1,74.3,83.3,92.2,79.5,73.9,86.1,66.1,Achievable target,86.6,Pass,True,None
1st Year,86.7,73.4,87.9,76.8,100.0,85.4,84.7,71.0,Achievable target,71.4,Pass,True,None
4th Year,76.9,78.8,70.4,85.8,68.2,77.8,81.9,65.9,Achievable target,89.8,Pass,True,None
3rd Year,79.9,65.7,73.2,69.0,60.0,59.7,61.5,98.5,Cannot pass,78.8,Fail,True,None
2nd Year,69.5,73.8,73.8,69.6,67.9,66.3,66.7,93.4,Cannot pass,92.2,Fail,True,None
2nd Year,100.0,84.1,67.3,78.2,92.0,72.8,74.3,70.2,Achievable target,67.7,Fail,False,Overperformance
2nd Year,72.6,71.8,71.1,68.0,60.0,71.5,59.5,93.0,Cannot pass,93.5,Pass,False,Underperformance
3rd Year,73.4,61.8,74.7,65.4,76.8,64.1,71.2,86.7,Borderline,82.5,Fail,True,None
3rd Year,62.8,80.1,71.6,78.2,60.0,87.9,74.9,59.9,Achievable target,95.2,Pass,True,None
3rd Year,60.0,72.0,78.9,99.5,90.0,68.1,70.6,55.9,Achievable target,97.9,Pass,True,None
2nd Year,75.7,61.2,75.4,87.2,86.6,77.8,82.0,66.6,Achievable target,73.8,Pass,True,None
3rd Year,70.5,76.5,73.5,64.0,78.2,71.8,73.8,87.9,Borderline,92.3,Pass,True,None
2nd Year,90.8,88.0,91.9,87.1,83.4,80.2,82.1,68.0,Achievable target,73.1,Pass,True,None
1st Year,73.6,83.2,82.2,75.0,60.0,82.3,76.1,65.7,Achievable target,77.9,Pass,True,None
2nd Year,81.3,83.1,65.3,91.7,85.6,84.0,82.7,59.0,Achievable target,78.7,Pass,True,None
2nd Year,85.7,62.9,71.3,97.4,90.0,77.8,73.6,66.2,Achievable target,63.6,Fail,False,Overperformance
1st Year,87.6,91.2,81.0,71.8,75.6,75.2,80.9,63.1,Achievable target,59.6,Fail,False,Overperformance
2nd Year,80.2,86.7,71.5,79.5,82.5,75.0,70.2,63.2,Achievable target,53.2,Fail,False,Overperformance
1st Year,63.3,77.4,79.9,62.9,65.3,58.5,64.5,94.1,Cannot pass,55.8,Fail,True,None
4th Year,76.8,91.2,83.8,74.5,95.2,85.3,77.4,60.0,Achievable target,73.5,Pass,True,None
3rd Year,89.3,73.1,89.7,78.6,83.3,76.7,76.1,61.5,Achievable target,63.6,Pass,True,None
1st Year,78.7,83.2,72.9,74.2,79.1,63.7,72.2,84.5,Borderline,93.1,Pass,False,Ambiguity
3rd Year,78.1,75.5,73.8,62.3,96.0,73.3,87.7,55.8,Achievable target,88.6,Pass,True,None
3rd Year,96.7,84.1,78.1,70.1,77.1,87.0,75.6,66.0,Achievable target,99.6,Pass,True,None
3rd Year,77.4,96.1,64.5,100.0,63.0,83.4,81.0,57.3,Achievable target,76.5,Pass,True,None
4th Year,71.3,86.9,77.1,74.0,71.3,74.5,72.4,86.9,Borderline,94.4,Pass,False,Ambiguity
3rd Year,96.5,65.3,93.3,72.7,85.4,72.8,85.3,67.9,Achievable target,73.1,Pass,True,None
3rd Year,85.0,70.5,78.6,83.4,97.7,87.2,72.9,52.1,Achievable target,60.4,Pass,True,None
2nd Year,62.7,77.5,100.0,74.7,73.4,83.0,80.8,73.6,Achievable target,87.8,Pass,True,None
2nd Year,89.0,62.7,74.5,67.0,88.6,75.4,76.6,71.3,Achievable target,73.0,Pass,True,None
4th Year,79.9,60.0,66.1,71.6,60.0,67.7,75.5,98.5,Cannot pass,99.6,Pass,False,Underperformance
3rd Year,73.5,81.8,89.0,62.1,69.9,85.4,74.0,50.5,Achievable target,58.3,Pass,True,None
3rd Year,84.1,89.1,100.0,85.1,92.4,71.3,89.2,65.7,Achievable target,87.9,Pass,True,None
1st Year,77.4,87.8,83.8,100.0,63.8,82.3,85.2,60.2,Achievable target,81.2,Pass,True,None
4th Year,76.5,63.3,81.7,77.2,79.6,68.5,68.8,83.3,Borderline,50.4,Fail,False,Ambiguity
1st Year,68.8,66.0,62.4,70.7,66.5,66.9,66.0,92.5,Cannot pass,56.6,Fail,True,None
3rd Year,82.5,75.4,76.1,93.2,83.4,81.0,77.9,59.7,Achievable target,60.8,Pass,True,None
1st Year,88.2,72.4,95.9,66.0,85.4,77.1,77.7,58.2,Achievable target,62.5,Pass,True,None
2nd Year,79.9,63.8,76.1,65.0,72.9,67.4,64.9,94.1,Cannot pass,79.9,Fail,True,None
3rd Year,77.0,84.5,94.6,71.7,99.1,86.2,76.6,73.9,Achievable target,76.0,Pass,True,None
4th Year,75.3,90.4,76.5,60.4,75.9,75.5,85.0,70.1,Achievable target,98.8,Pass,True,None
1st Year,72.6,86.7,64.5,88.2,62.7,80.1,83.7,62.1,Achievable target,92.5,Pass,True,None
2nd Year,66.4,77.1,85.0,70.0,69.7,85.1,74.1,66.0,Achievable target,89.6,Pass,True,None
3rd Year,77.1,75.4,60.0,67.8,78.1,69.4,70.9,82.6,Borderline,97.4,Pass,False,Ambiguity
2nd Year,79.9,67.5,70.3,79.9,72.8,65.3,70.7,99.6,Cannot pass,84.8,Fail,True,None
1st Year,75.0,64.1,99.5,89.8,82.0,80.9,85.5,60.8,Achievable target,64.0,Pass,True,None
3rd Year,87.8,97.2,79.9,62.4,76.5,78.8,81.3,58.7,Achievable target,91.0,Pass,True,None
2nd Year,98.7,83.9,78.4,80.1,88.6,85.5,86.7,73.7,Achievable target,88.3,Pass,True,None
4th Year,66.8,71.4,76.7,68.6,72.8,61.1,60.6,95.0,Cannot pass,77.8,Fail,True,None
1st Year,91.5,62.5,70.4,82.0,66.7,79.4,79.8,53.6,Achievable target,90.9,Pass,True,None
1st Year,62.5,66.8,89.2,81.7,76.1,71.3,81.8,63.9,Achievable target,91.2,Pass,True,None
3rd Year,76.3,100.0,66.6,74.3,81.0,79.2,79.0,60.9,Achievable target,97.8,Pass,True,None
2nd Year,86.6,98.0,75.4,60.0,78.6,78.1,78.8,68.8,Achievable target,92.0,Pass,True,None
4th Year,68.9,90.3,85.7,72.5,87.5,77.3,84.5,69.4,Achievable target,72.3,Pass,True,None
4th Year,76.1,70.5,85.5,73.2,73.9,74.4,72.7,76.4,Borderline,59.0,Fail,False,Ambiguity
2nd Year,95.3,67.6,74.2,85.2,76.6,71.5,83.8,56.6,Achievable target,83.9,Pass,True,None
4th Year,60.0,71.3,81.1,75.3,88.3,78.3,87.3,72.8,Achievable target,53.7,Fail,False,Overperformance
2nd Year,81.3,71.4,71.5,81.6,91.9,82.6,83.1,64.4,Achievable target,68.9,Pass,True,None
1st Year,95.9,60.2,87.6,88.0,95.9,73.9,83.7,56.9,Achievable target,86.3,Pass,True,None
2nd Year,68.2,68.8,79.6,71.6,80.7,68.0,86.2,55.0,Achievable target,68.2,Pass,True,None
2nd Year,75.2,81.3,64.1,83.6,90.4,79.1,85.2,65.1,Achievable target,90.7,Pass,True,None
4th Year,67.4,74.3,76.5,69.7,67.9,63.5,66.6,93.2,Cannot pass,51.6,Fail,True,None
2nd Year,95.3,83.1,60.6,98.4,72.3,73.5,76.8,57.7,Achievable target,60.1,Pass,True,None
4th Year,68.2,68.0,75.2,72.3,67.1,68.9,65.1,93.0,Cannot pass,72.5,Fail,True,None
2nd Year,88.6,74.1,80.2,73.3,73.2,88.5,81.2,59.6,Achievable target,87.5,Pass,True,None
3rd Year,78.9,81.1,83.3,65.1,95.0,84.7,74.6,70.3,Achievable target,80.0,Pass,True,None
4th Year,68.5,72.8,66.6,70.6,71.7,68.5,66.0,90.4,Cannot pass,66.4,Fail,True,None
1st Year,88.9,88.9,85.2,79.1,86.3,77.7,69.6,66.1,Achievable target,84.7,Pass,True,None
2nd Year,100.0,82.0,100.0,82.6,60.0,71.5,87.5,60.6,Achievable target,86.2,Pass,True,None
2nd Year,60.9,77.3,85.5,84.7,73.7,79.6,75.7,68.9,Achievable target,85.8,Pass,True,None
4th Year,76.8,95.6,100.0,69.9,100.0,81.4,77.7,55.5,Achievable target,84.4,Pass,True,None
2nd Year,84.8,77.8,66.0,85.3,89.3,79.5,70.3,62.5,Achievable target,70.9,Pass,True,None
2nd Year,100.0,100.0,90.2,74.0,87.7,80.8,82.2,69.3,Achievable target,69.6,Pass,True,None
1st Year,100.0,83.4,68.8,81.4,100.0,71.6,77.5,61.0,Achievable target,61.7,Pass,True,None
2nd Year,74.0,100.0,71.0,81.7,100.0,84.2,70.2,57.3,Achievable target,84.9,Pass,True,None
4th Year,79.9,63.6,69.1,78.3,75.9,64.2,65.4,98.0,Cannot pass,80.2,Fail,True,None
4th Year,76.6,79.1,64.4,80.1,73.8,69.3,69.0,78.9,Borderline,76.5,Fail,True,None
3rd Year,72.8,72.2,81.7,100.0,76.0,79.0,84.3,67.6,Achievable target,92.9,Pass,True,None
4th Year,86.5,70.8,68.3,67.0,83.0,75.3,69.4,79.4,Borderline,53.1,Fail,True,None
1st Year,72.8,64.9,68.6,69.9,79.9,68.4,62.9,95.2,Cannot pass,98.5,Pass,False,Underperformance
2nd Year,80.8,81.6,86.5,93.4,77.8,86.3,88.8,55.6,Achievable target,55.5,Fail,False,Overperformance
3rd Year,78.7,60.0,81.1,82.7,93.6,78.9,76.7,61.1,Achievable target,94.8,Pass,True,None
1st Year,76.3,60.0,78.7,93.1,90.2,80.8,78.1,66.4,Achievable target,76.4,Pass,True,None
3rd Year,77.3,80.4,68.7,60.0,73.9,70.3,67.4,82.0,Borderline,74.4,Fail,True,None
4th Year,63.0,82.0,80.3,64.6,68.5,74.6,63.7,83.0,Borderline,62.3,Fail,True,None
1st Year,72.0,75.2,87.7,65.6,90.5,76.0,86.8,63.9,Achievable target,70.5,Pass,True,None
4th Year,74.0,70.9,81.2,74.4,79.4,78.6,78.6,64.2,Achievable target,80.9,Pass,True,None
4th Year,67.2,69.3,81.0,79.6,61.8,71.7,67.7,80.7,Borderline,52.3,Fail,False,Ambiguity
4th Year,86.8,99.5,60.0,80.4,74.9,72.3,77.9,67.6,Achievable target,78.3,Pass,True,None
3rd Year,100.0,60.0,88.0,75.2,86.4,81.2,78.2,71.6,Achievable target,97.7,Pass,True,None
3rd Year,86.0,62.8,77.2,99.0,68.3,74.9,82.4,63.5,Achievable target,85.9,Pass,True,None
3rd Year,85.8,78.9,69.0,91.4,83.6,84.1,69.2,65.9,Achievable target,69.6,Pass,True,None
3rd Year,89.0,100.0,63.4,98.2,100.0,80.1,76.7,63.8,Achievable target,73.3,Pass,True,None
1st Year,69.9,85.8,78.1,69.3,77.7,70.7,72.2,81.7,Borderline,84.1,Pass,False,Ambiguity
4th Year,71.4,76.9,64.5,73.6,63.2,72.9,74.4,81.4,Borderline,95.0,Pass,True,None
2nd Year,91.8,68.1,79.4,72.4,100.0,66.3,86.4,66.5,Achievable target,67.0,Pass,True,None
4th Year,84.0,94.8,60.0,76.2,80.7,87.1,81.0,65.1,Achievable target,70.6,Pass,True,None
4th Year,100.0,76.5,60.3,78.4,83.6,74.8,81.1,68.4,Achievable target,78.2,Pass,True,None
3rd Year,69.7,65.5,72.7,67.5,78.2,68.7,70.7,99.8,Cannot pass,63.2,Fail,True,None
1st Year,62.9,69.7,74.2,71.3,76.7,66.9,64.4,95.8,Cannot pass,69.3,Fail,True,None
2nd Year,68.0,80.6,73.2,65.2,87.9,84.6,74.1,57.6,Achievable target,59.2,Pass,True,None
1st Year,66.9,67.7,76.0,83.4,77.7,78.8,83.3,65.0,Achievable target,72.3,Pass,True,None
2nd Year,75.1,71.7,62.3,75.2,68.3,64.0,69.8,87.9,Borderline,59.0,Fail,True,None
1st Year,93.0,81.1,76.5,86.3,79.7,80.5,82.6,60.0,Achievable target,94.1,Pass,True,None
4th Year,80.2,85.6,86.3,66.7,100.0,82.1,74.2,58.3,Achievable target,65.4,Pass,True,None
1st Year,62.3,85.5,88.9,79.5,69.3,79.1,76.8,72.5,Achievable target,82.3,Pass,True,None
4th Year,71.3,93.3,91.4,79.8,77.8,80.3,81.8,69.6,Achievable target,66.7,Fail,False,Overperformance
1st Year,60.0,68.2,94.7,89.9,100.0,75.5,80.1,61.2,Achievable target,98.7,Pass,True,None
3rd Year,68.0,69.0,78.5,74.2,66.1,69.2,64.0,98.5,Cannot pass,98.1,Fail,True,None
1st Year,72.2,60.0,88.4,82.6,71.0,74.5,79.3,56.8,Achievable target,53.3,Fail,False,Overperformance
2nd Year,77.0,89.0,80.7,78.2,89.1,88.7,73.9,55.3,Achievable target,57.8,Pass,True,None
2nd Year,80.0,90.7,75.4,100.0,70.2,81.0,79.9,62.0,Achievable target,65.4,Pass,True,None
4th Year,87.1,84.0,69.6,81.9,86.2,71.2,82.5,70.6,Achievable target,99.0,Pass,True,None
2nd Year,64.3,73.4,73.5,93.6,77.0,72.2,78.4,67.7,Achievable target,85.6,Pass,True,None
1st Year,69.5,77.0,88.8,71.5,88.0,76.3,72.5,58.4,Achievable target,97.3,Pass,True,None
2nd Year,73.8,76.6,60.0,67.8,63.0,74.1,67.6,84.3,Borderline,60.3,Fail,True,None
1st Year,75.0,98.5,71.1,87.3,100.0,84.4,72.8,59.9,Achievable target,78.4,Pass,True,None
1st Year,77.5,84.6,76.8,92.7,78.1,80.2,84.0,53.7,Achievable target,85.0,Pass,True,None
1st Year,74.9,65.6,77.6,88.1,79.8,72.3,71.4,84.6,Borderline,99.8,Pass,True,None
3rd Year,75.5,76.6,86.4,84.5,60.0,75.9,80.0,62.2,Achievable target,64.4,Pass,True,None
2nd Year,68.1,87.6,64.6,90.1,67.9,81.6,78.8,66.8,Achievable target,88.0,Pass,True,None
4th Year,65.8,70.8,81.5,65.8,60.0,77.9,77.0,61.8,Achievable target,87.3,Pass,True,None
3rd Year,81.3,65.9,84.0,89.8,80.8,84.5,83.8,60.8,Achievable target,95.8,Pass,True,None
1st Year,74.7,100.0,66.0,97.6,69.5,71.6,70.9,64.4,Achievable target,78.4,Pass,True,None
3rd Year,70.5,95.4,82.2,71.1,80.9,79.7,74.5,70.8,Achievable target,97.6,Pass,True,None
2nd Year,60.0,68.1,82.3,66.4,87.0,74.9,71.6,63.9,Achievable target,54.8,Fail,False,Overperformance
2nd Year,84.4,100.0,96.6,61.1,82.9,83.5,83.2,63.8,Achievable target,61.1,Fail,False,Overperformance
2nd Year,66.6,72.8,77.0,72.3,72.8,72.9,69.6,87.9,Borderline,52.8,Fail,False,Ambiguity
4th Year,69.6,95.0,79.1,82.8,88.4,84.3,77.6,60.1,Achievable target,71.6,Pass,True,None
1st Year,94.2,68.4,67.8,86.1,100.0,83.9,70.3,65.3,Achievable target,77.8,Pass,True,None
3rd Year,60.0,71.7,69.7,87.4,67.2,83.1,81.6,60.4,Achievable target,74.4,Pass,True,None
3rd Year,85.0,84.3,82.1,82.0,70.7,81.2,81.6,56.4,Achievable target,66.5,Pass,True,None
2nd Year,78.9,76.0,100.0,60.0,93.4,82.0,83.9,59.8,Achievable target,97.3,Pass,True,None
2nd Year,90.0,88.4,87.8,75.7,90.3,83.2,88.4,65.8,Achievable target,77.3,Pass,True,None
1st Year,86.6,69.7,80.0,71.2,89.9,71.8,65.5,80.3,Borderline,71.2,Fail,False,Ambiguity
4th Year,76.5,77.1,60.0,71.3,79.7,86.0,87.4,59.4,Achievable target,80.1,Pass,True,None
2nd Year,79.7,98.6,86.8,85.4,67.0,81.5,76.3,63.6,Achievable target,88.5,Pass,True,None
3rd Year,67.0,71.4,77.6,60.0,82.4,76.8,72.8,80.8,Borderline,61.3,Fail,True,None
1st Year,98.8,95.6,67.0,60.0,65.6,80.7,87.7,63.8,Achievable target,89.9,Pass,True,None
1st Year,71.3,67.4,66.2,67.7,77.4,67.5,67.9,97.7,Cannot pass,55.8,Fail,True,None
2nd Year,69.4,87.0,76.0,73.9,60.0,73.3,78.2,61.6,Achievable target,72.9,Pass,True,None
3rd Year,80.0,94.5,69.7,73.4,73.7,78.8,88.9,60.0,Achievable target,65.6,Pass,True,None
1st Year,77.5,79.9,79.9,67.1,61.8,65.8,63.8,91.4,Cannot pass,54.7,Fail,True,None
1st Year,75.9,77.3,95.5,60.0,80.8,78.8,85.6,63.5,Achievable target,65.2,Pass,True,None
1st Year,93.5,78.6,82.2,61.4,64.9,78.1,80.8,59.4,Achievable target,58.4,Fail,False,Overperformance
3rd Year,64.4,61.4,73.9,69.6,67.8,66.1,63.0,96.6,Cannot pass,98.0,Pass,False,Underperformance
3rd Year,78.0,66.1,71.2,79.8,82.6,76.4,64.5,76.8,Borderline,74.7,Fail,True,None
4th Year,94.4,74.1,89.8,72.0,72.9,82.1,79.3,62.2,Achievable target,91.8,Pass,True,None
3rd Year,73.9,72.6,75.6,63.8,72.2,69.3,69.6,94.1,Cannot pass,71.1,Fail,True,None
1st Year,77.7,69.0,71.7,74.0,78.7,74.1,69.4,94.4,Cannot pass,88.5,Fail,True,None
3rd Year,81.8,96.9,84.2,89.7,68.6,84.7,86.4,65.3,Achievable target,90.2,Pass,True,None
3rd Year,60.0,69.1,94.6,71.6,73.9,79.5,84.5,56.4,Achievable target,75.8,Pass,True,None
2nd Year,69.5,65.5,62.0,86.4,88.0,77.2,85.0,65.3,Achievable target,77.0,Pass,True,None
3rd Year,75.4,100.0,87.4,82.3,78.7,64.4,82.9,59.3,Achievable target,92.2,Pass,True,None
4th Year,86.7,81.5,77.5,78.4,69.1,72.2,79.6,59.6,Achievable target,50.7,Fail,False,Overperformance
4th Year,73.6,64.0,89.2,88.1,68.7,80.9,86.8,54.7,Achievable target,76.1,Pass,True,None
2nd Year,80.9,99.6,72.0,89.7,80.0,78.5,78.8,67.0,Achievable target,91.2,Pass,True,None
2nd Year,77.1,65.5,64.8,65.9,63.2,64.1,63.7,97.9,Cannot pass,56.0,Fail,True,None
4th Year,85.8,86.9,77.8,89.7,90.5,83.5,73.6,67.1,Achievable target,59.8,Fail,False,Overperformance
4th Year,85.9,80.7,78.9,94.5,97.1,82.8,89.6,54.1,Achievable target,55.8,Pass,True,None
3rd Year,97.2,61.1,88.9,74.1,68.2,75.7,83.1,62.0,Achievable target,66.6,Pass,True,None
4th Year,71.6,69.7,69.4,64.4,64.2,68.6,62.1,92.9,Cannot pass,85.7,Fail,True,None
2nd Year,82.6,60.0,84.5,78.3,92.2,81.7,82.4,65.4,Achievable target,87.9,Pass,True,None
2nd Year,84.9,78.3,77.0,90.1,60.0,75.1,72.3,61.7,Achievable target,94.0,Pass,True,None
2nd Year,93.1,96.5,76.8,60.0,83.5,74.9,78.5,66.0,Achievable target,87.0,Pass,True,None
2nd Year,60.0,89.0,74.0,100.0,99.1,86.6,83.4,65.8,Achievable target,60.5,Fail,False,Overperformance
1st Year,100.0,84.3,93.9,76.6,80.5,79.1,85.1,52.7,Achievable target,54.0,Pass,True,None
4th Year,60.0,77.3,78.6,85.4,74.1,79.2,71.5,57.5,Achievable target,75.9,Pass,True,None
4th Year,88.0,87.2,97.9,89.7,78.7,69.0,89.4,61.7,Achievable target,72.3,Pass,True,None
3rd Year,69.8,100.0,60.0,90.9,82.8,74.7,81.5,51.9,Achievable target,83.7,Pass,True,None
1st Year,73.5,74.1,77.9,66.8,69.5,62.8,66.0,94.8,Cannot pass,82.8,Fail,True,None
1st Year,65.3,84.4,80.2,72.8,77.3,83.1,70.0,69.2,Achievable target,82.1,Pass,True,None
2nd Year,81.7,84.2,88.8,81.2,89.5,72.7,75.8,52.4,Achievable target,90.3,Pass,True,None
2nd Year,95.4,80.4,70.7,90.0,78.2,77.2,80.3,72.7,Achievable target,76.0,Pass,True,None
2nd Year,61.2,60.0,82.2,68.4,80.9,86.6,85.9,59.0,Achievable target,71.0,Pass,True,None
4th Year,71.3,75.4,90.5,69.4,84.2,80.2,78.0,62.9,Achievable target,72.9,Pass,True,None
2nd Year,81.4,78.4,80.5,60.9,60.9,72.5,68.2,77.6,Borderline,59.1,Fail,True,None
3rd Year,60.0,81.6,65.7,72.3,68.7,80.6,77.6,58.1,Achievable target,66.5,Pass,True,None
3rd Year,60.0,76.2,87.0,77.3,60.0,82.5,76.8,66.9,Achievable target,67.7,Pass,True,None
1st Year,73.9,71.1,79.7,69.9,74.4,62.5,68.8,96.5,Cannot pass,99.3,Pass,False,Underperformance
1st Year,82.4,76.7,61.1,78.4,81.1,79.5,75.4,64.5,Achievable target,86.0,Pass,True,None
3rd Year,74.0,74.0,92.3,89.1,81.4,80.8,76.3,57.6,Achievable target,68.9,Pass,True,None
2nd Year,77.1,60.0,82.7,71.7,78.3,79.1,82.5,70.6,Achievable target,85.3,Pass,True,None
2nd Year,100.0,73.5,85.1,70.1,90.8,77.1,79.2,65.2,Achievable target,76.8,Pass,True,None
4th Year,64.7,69.8,73.0,64.9,65.4,67.8,67.5,97.3,Cannot pass,76.7,Fail,True,None
4th Year,85.6,73.7,93.4,79.1,80.8,79.7,85.0,60.2,Achievable target,90.3,Pass,True,None
3rd Year,87.5,60.0,74.0,79.0,75.3,69.2,75.6,79.4,Borderline,93.8,Pass,True,None
1st Year,84.2,77.7,82.8,89.0,61.4,71.2,68.8,86.7,Borderline,64.6,Fail,True,None
2nd Year,64.5,77.9,68.7,92.0,88.8,80.6,87.7,57.5,Achievable target,83.6,Pass,True,None
3rd Year,89.9,67.9,72.4,60.0,82.3,74.5,70.9,87.1,Borderline,50.4,Fail,True,None
1st Year,86.8,96.3,70.2,77.7,92.0,85.1,85.0,61.4,Achievable target,75.0,Pass,True,None
1st Year,76.8,100.0,90.3,69.0,74.6,82.2,70.8,51.1,Achievable target,63.6,Pass,True,None
3rd Year,79.0,70.9,79.7,85.4,84.5,87.4,82.9,64.0,Achievable target,76.0,Pass,True,None
3rd Year,66.4,70.4,76.4,80.8,60.0,66.7,69.8,86.7,Borderline,97.4,Pass,True,None
4th Year,64.4,86.3,73.8,92.0,90.9,74.3,86.6,64.8,Achievable target,78.4,Pass,True,None
2nd Year,96.4,65.4,100.0,72.5,89.1,84.8,72.9,61.1,Achievable target,82.9,Pass,True,None
4th Year,70.4,84.3,90.8,81.8,63.5,71.9,77.1,54.3,Achievable target,64.1,Pass,True,None
4th Year,88.3,97.2,92.4,80.9,78.9,81.6,85.3,59.8,Achievable target,63.7,Pass,True,None
2nd Year,89.0,82.0,76.7,80.6,77.2,79.7,87.0,57.9,Achievable target,98.8,Pass,True,None
4th Year,64.8,60.0,71.8,69.8,60.0,63.2,60.9,92.8,Cannot pass,93.1,Pass,False,Underperformance
1st Year,74.3,70.9,68.2,68.4,68.2,65.3,59.0,97.1,Cannot pass,98.7,Pass,False,Underperformance
1st Year,60.2,66.1,78.1,76.2,65.5,65.4,65.9,98.0,Cannot pass,74.7,Fail,True,None
2nd Year,60.4,69.7,75.2,73.0,69.2,68.8,61.7,97.2,Cannot pass,58.1,Fail,True,None
4th Year,70.9,81.8,63.6,70.0,66.8,73.5,73.7,82.4,Borderline,84.1,Pass,True,None
3rd Year,82.0,72.4,76.8,83.4,78.7,77.2,89.7,59.8,Achievable target,85.7,Pass,True,None
1st Year,78.4,72.8,71.2,72.7,68.1,63.2,66.4,93.6,Cannot pass,88.4,Fail,True,None
2nd Year,65.1,81.1,70.6,93.4,64.8,83.6,78.5,57.2,Achievable target,58.9,Pass,True,None
2nd Year,68.2,64.7,73.7,60.2,72.2,67.5,63.9,94.6,Cannot pass,86.9,Fail,True,None
1st Year,73.4,75.9,84.8,83.8,77.3,76.4,71.3,79.0,Borderline,60.8,Fail,True,None
1st Year,81.1,79.0,71.0,85.0,77.0,82.7,77.5,53.2,Achievable target,67.6,Pass,True,None
1st Year,84.1,69.5,84.7,84.5,72.6,77.7,81.4,53.8,Achievable target,69.5,Pass,True,None
2nd Year,79.6,84.4,60.0,77.9,81.7,77.6,81.0,55.2,Achievable target,96.5,Pass,True,None
4th Year,68.1,73.4,73.6,79.9,66.0,68.2,65.5,99.9,Cannot pass,88.1,Fail,True,None
2nd Year,89.6,74.4,78.8,76.0,81.2,71.3,71.0,87.6,Borderline,90.7,Pass,True,None
2nd Year,71.4,65.7,60.0,64.4,60.3,62.5,66.8,90.8,Cannot pass,81.1,Fail,True,None
1st Year,60.0,87.9,63.4,69.9,85.3,80.1,76.9,64.3,Achievable target,81.8,Pass,True,None
3rd Year,67.4,67.0,88.9,64.6,66.4,72.0,75.6,82.8,Borderline,71.1,Fail,True,None
1st Year,70.2,77.6,91.1,81.4,77.4,74.9,82.1,58.2,Achievable target,53.4,Fail,False,Overperformance
3rd Year,88.7,98.4,93.6,80.7,78.4,83.1,74.4,71.1,Achievable target,87.8,Pass,True,None
2nd Year,91.4,77.2,88.4,69.8,68.5,65.1,81.3,52.8,Achievable target,74.1,Pass,True,None
2nd Year,95.1,94.0,78.4,67.4,91.5,76.1,86.2,54.4,Achievable target,69.8,Pass,True,None
3rd Year,63.5,74.3,71.2,74.7,74.5,68.1,72.5,94.7,Cannot pass,89.7,Fail,True,None
2nd Year,67.2,84.7,89.8,90.1,81.2,77.3,84.1,65.7,Achievable target,86.2,Pass,True,None
1st Year,82.7,77.8,64.1,71.8,83.9,79.5,75.6,64.8,Achievable target,60.1,Fail,False,Overperformance
4th Year,78.2,89.9,85.2,99.0,100.0,84.6,71.9,54.9,Achievable target,94.7,Pass,True,None
4th Year,100.0,84.0,79.4,96.7,96.2,86.1,80.0,55.2,Achievable target,60.5,Pass,True,None
2nd Year,85.3,73.3,83.4,69.6,61.1,72.4,77.7,69.8,Achievable target,92.4,Pass,True,None
2nd Year,86.3,68.6,74.3,84.1,84.2,72.2,68.6,77.1,Borderline,83.3,Pass,True,None
2nd Year,68.8,71.7,67.6,78.7,73.4,66.3,66.4,95.6,Cannot pass,65.0,Fail,True,None
4th Year,73.1,90.3,61.9,84.5,84.4,73.0,85.3,62.7,Achievable target,72.3,Pass,True,None
4th Year,70.4,76.2,88.8,100.0,73.7,88.5,88.0,60.3,Achievable target,87.1,Pass,True,None
3rd Year,60.0,95.8,100.0,84.6,67.7,83.3,82.7,67.6,Achievable target,97.5,Pass,True,None
3rd Year,87.1,100.0,73.6,77.0,90.8,77.5,81.5,59.7,Achievable target,75.9,Pass,True,None
4th Year,75.5,89.9,98.8,94.7,98.8,88.3,73.2,66.7,Achievable target,84.6,Pass,True,None
4th Year,85.8,69.0,86.4,76.8,76.7,77.4,73.5,62.4,Achievable target,79.9,Pass,True,None
4th Year,91.7,78.2,69.7,68.1,90.3,86.7,73.7,68.7,Achievable target,61.2,Fail,False,Overperformance
4th Year,66.8,71.4,82.4,79.9,74.7,74.9,69.7,85.2,Borderline,69.4,Fail,False,Ambiguity
1st Year,76.0,79.9,74.3,67.4,66.5,58.2,61.3,99.4,Cannot pass,72.7,Fail,True,None
3rd Year,92.0,90.1,67.6,100.0,87.0,79.1,86.7,60.9,Achievable target,50.1,Fail,False,Overperformance
3rd Year,76.8,72.4,84.5,78.9,74.4,85.2,65.9,63.9,Achievable target,87.3,Pass,True,None
1st Year,91.2,88.7,62.6,68.3,93.8,70.5,81.1,60.4,Achievable target,86.2,Pass,True,None
1st Year,63.1,85.4,84.6,71.2,85.5,82.6,83.6,67.3,Achievable target,93.3,Pass,True,None
1st Year,72.3,80.4,88.9,76.6,92.0,78.4,78.2,68.5,Achievable target,90.6,Pass,True,None
3rd Year,87.9,72.7,87.9,73.1,100.0,80.0,76.7,61.1,Achievable target,85.8,Pass,True,None
2nd Year,74.1,77.1,90.9,78.3,78.0,77.1,89.2,60.9,Achievable target,72.8,Pass,True,None
2nd Year,79.8,75.0,75.4,76.4,85.6,78.1,70.6,69.0,Achievable target,78.8,Pass,True,None
4th Year,79.0,81.6,78.9,90.0,76.7,76.3,80.3,58.1,Achievable target,67.6,Pass,True,None
4th Year,90.0,100.0,67.2,91.9,61.5,81.9,71.9,57.6,Achievable target,79.9,Pass,True,None
1st Year,86.0,93.3,86.0,61.8,76.0,76.8,75.0,67.1,Achievable target,99.0,Pass,True,None
3rd Year,62.7,75.1,73.2,75.4,68.4,79.9,84.5,61.5,Achievable target,85.0,Pass,True,None
1st Year,79.5,82.2,95.1,69.0,73.9,83.8,84.9,59.8,Achievable target,91.2,Pass,True,None
3rd Year,83.9,72.4,78.0,65.4,81.3,80.8,82.7,66.0,Achievable target,95.3,Pass,True,None
4th Year,65.3,79.8,80.2,80.5,64.6,80.5,76.2,65.4,Achievable target,71.6,Pass,True,None
3rd Year,73.7,77.8,94.5,75.7,91.5,84.5,78.5,65.6,Achievable target,64.7,Fail,False,Overperformance
2nd Year,83.7,71.3,84.1,91.1,74.5,86.3,79.0,63.5,Achievable target,83.2,Pass,True,None
4th Year,80.0,74.9,79.1,75.3,95.0,80.1,76.0,56.3,Achievable target,63.1,Pass,True,None
4th Year,75.8,100.0,71.5,68.6,63.6,82.3,68.9,59.2,Achievable target,70.3,Pass,True,None
2nd Year,73.9,64.0,77.4,64.0,71.7,67.8,63.9,96.7,Cannot pass,69.4,Fail,True,None
2nd Year,60.0,75.7,73.8,73.9,69.9,74.4,70.3,86.3,Borderline,60.7,Fail,True,None
4th Year,87.6,60.0,79.7,86.8,85.4,76.4,86.6,63.7,Achievable target,81.2,Pass,True,None
2nd Year,64.6,83.8,70.2,73.3,86.9,72.3,70.7,78.8,Borderline,81.0,Pass,True,None
2nd Year,94.3,71.2,97.7,74.5,83.5,82.3,78.7,69.6,Achievable target,78.8,Pass,True,None
1st Year,71.3,70.8,78.3,99.5,82.8,80.0,87.6,62.6,Achievable target,92.0,Pass,True,None
2nd Year,79.3,84.2,68.1,77.4,69.7,75.8,64.9,85.3,Borderline,96.3,Pass,True,None
2nd Year,93.4,84.3,91.8,73.0,92.3,71.7,74.7,66.9,Achievable target,83.6,Pass,True,None
4th Year,66.3,65.2,60.0,66.3,77.5,71.6,66.3,82.6,Borderline,77.5,Fail,True,None
3rd Year,70.5,63.7,68.7,76.1,76.8,61.4,72.3,94.9,Cannot pass,53.3,Fail,True,None
2nd Year,85.3,69.1,94.9,82.1,100.0,73.3,71.2,60.4,Achievable target,69.4,Pass,True,None
2nd Year,74.3,91.3,70.2,63.3,70.6,80.2,81.5,72.1,Achievable target,96.3,Pass,True,None
4th Year,95.4,82.6,91.2,63.7,60.0,77.4,81.0,66.3,Achievable target,77.0,Pass,True,None
1st Year,76.6,100.0,82.3,90.6,96.0,76.2,78.0,68.9,Achievable target,94.9,Pass,True,None
2nd Year,71.0,88.6,73.9,84.7,64.8,89.2,79.6,51.2,Achievable target,59.8,Pass,True,None
3rd Year,74.7,74.4,62.2,63.9,68.3,70.5,70.7,98.5,Cannot pass,88.7,Fail,True,None
2nd Year,100.0,81.0,61.9,93.3,63.3,83.2,84.9,67.0,Achievable target,81.4,Pass,True,None
2nd Year,66.2,65.3,60.0,72.4,68.5,73.0,67.8,95.1,Cannot pass,56.3,Fail,True,None
3rd Year,73.6,61.9,99.1,87.8,91.3,88.1,82.3,65.0,Achievable target,79.6,Pass,True,None
1st Year,60.0,89.9,100.0,85.3,84.4,73.4,74.1,61.6,Achievable target,73.4,Pass,True,None
4th Year,70.1,82.4,78.2,97.6,61.9,79.3,85.1,63.4,Achievable target,77.3,Pass,True,None
3rd Year,77.1,85.7,79.7,60.0,85.1,80.3,80.8,64.6,Achievable target,83.6,Pass,True,None
3rd Year,91.6,92.1,69.7,91.9,77.4,76.5,76.2,65.0,Achievable target,94.8,Pass,True,None
1st Year,80.8,84.8,89.7,86.6,84.2,73.3,89.5,73.9,Achievable target,78.8,Pass,True,None
2nd Year,65.3,78.2,94.4,67.2,88.2,78.0,88.5,60.6,Achievable target,83.5,Pass,True,None
1st Year,73.5,70.9,71.1,72.7,79.9,68.8,69.2,93.5,Cannot pass,95.7,Pass,False,Underperformance
2nd Year,86.2,66.4,72.5,82.5,69.7,82.0,75.5,70.0,Achievable target,78.5,Pass,True,None
4th Year,89.9,64.8,76.4,69.0,64.7,68.2,67.0,82.0,Borderline,91.4,Pass,True,None
3rd Year,92.6,91.1,89.4,73.5,100.0,82.7,79.3,63.3,Achievable target,79.4,Pass,True,None
1st Year,73.6,69.8,72.0,66.3,79.2,68.8,63.1,99.2,Cannot pass,79.5,Fail,True,None
4th Year,74.7,86.4,93.4,75.5,76.4,80.8,69.7,60.3,Achievable target,85.5,Pass,True,None
4th Year,94.7,74.5,85.9,72.9,100.0,81.7,80.0,58.4,Achievable target,95.9,Pass,True,None
4th Year,69.9,69.7,69.7,77.2,64.8,63.6,64.4,95.4,Cannot pass,93.5,Fail,True,None
2nd Year,60.0,88.2,77.5,83.8,64.1,86.5,88.5,63.3,Achievable target,70.5,Pass,True,None
1st Year,67.9,68.9,60.0,73.4,74.9,68.8,65.6,96.3,Cannot pass,85.1,Fail,True,None
1st Year,70.8,75.0,72.0,93.4,93.4,78.8,82.5,57.0,Achievable target,60.1,Pass,True,None
4th Year,69.4,72.0,68.0,62.3,71.4,64.3,68.7,97.9,Cannot pass,83.1,Fail,True,None
4th Year,75.3,68.9,70.8,84.1,66.3,71.5,72.5,88.1,Borderline,86.6,Fail,True,None
4th Year,88.7,68.2,79.5,96.9,60.0,78.0,89.1,61.4,Achievable target,65.4,Pass,True,None
2nd Year,72.1,78.1,62.4,60.5,69.5,66.5,71.0,81.3,Borderline,91.1,Pass,False,Ambiguity
3rd Year,75.9,94.4,93.1,69.2,93.2,71.1,74.5,70.6,Achievable target,83.1,Pass,True,None
3rd Year,68.2,60.0,76.2,86.3,65.3,73.9,88.4,67.4,Achievable target,89.2,Pass,True,None
3rd Year,62.6,85.2,73.0,84.5,70.6,81.9,87.6,65.7,Achievable target,53.9,Fail,False,Overperformance
1st Year,100.0,85.0,99.0,70.5,77.2,62.6,84.6,61.2,Achievable target,74.8,Pass,True,None
4th Year,63.4,71.9,66.2,71.1,67.4,68.0,63.8,91.6,Cannot pass,76.5,Fail,True,None
3rd Year,97.9,67.9,96.8,95.3,68.5,82.0,85.2,61.2,Achievable target,53.6,Fail,False,Overperformance
3rd Year,73.0,68.9,77.4,77.6,73.0,87.4,75.1,51.7,Achievable target,80.6,Pass,True,None
2nd Year,68.6,72.2,68.5,79.9,66.9,65.4,72.0,92.2,Cannot pass,62.4,Fail,True,None
1st Year,83.7,75.6,72.2,60.0,80.8,86.1,80.0,70.4,Achievable target,55.0,Fail,False,Overperformance
3rd Year,82.4,63.5,66.0,67.7,87.5,80.0,80.9,62.3,Achievable target,77.9,Pass,True,None
3rd Year,68.5,65.4,60.0,71.3,65.5,60.5,60.9,99.9,Cannot pass,94.8,Fail,True,None
2nd Year,78.4,74.2,69.4,66.8,69.1,60.1,73.4,98.9,Cannot pass,88.3,Fail,True,None
2nd Year,69.0,76.8,64.0,60.0,69.1,75.7,89.7,53.7,Achievable target,80.3,Pass,True,None
3rd Year,78.1,66.5,74.7,90.0,83.8,73.6,80.1,66.1,Achievable target,71.2,Pass,True,None
1st Year,74.1,77.1,67.2,72.4,60.0,78.3,72.6,72.4,Achievable target,54.8,Fail,False,Overperformance
3rd Year,86.1,78.0,63.4,75.9,79.6,77.4,75.4,56.4,Achievable target,87.5,Pass,True,None
1st Year,62.0,76.7,79.2,71.5,64.7,80.4,87.9,60.9,Achievable target,68.1,Pass,True,None
3rd Year,94.1,75.2,90.8,76.5,65.4,74.0,81.8,64.2,Achievable target,76.6,Pass,True,None
2nd Year,80.1,73.4,84.8,96.2,78.6,84.7,76.8,57.9,Achievable target,89.6,Pass,True,None
1st Year,84.1,94.5,100.0,79.0,79.9,66.9,69.8,68.2,Achievable target,69.2,Pass,True,None
3rd Year,77.3,71.5,73.5,63.2,79.5,71.8,59.4,96.6,Cannot pass,77.9,Fail,True,None
4th Year,85.9,81.3,77.5,93.8,83.5,76.6,68.5,63.9,Achievable target,63.0,Fail,False,Overperformance
2nd Year,84.8,83.6,69.6,60.0,60.0,70.4,74.0,84.5,Borderline,82.3,Fail,False,Ambiguity
2nd Year,76.6,74.5,86.4,83.1,73.4,77.1,80.9,56.5,Achievable target,72.2,Pass,True,None
4th Year,60.0,75.5,73.9,67.2,65.4,68.9,59.0,93.6,Cannot pass,75.0,Fail,True,None
2nd Year,91.3,88.9,100.0,69.2,85.5,76.1,78.9,59.1,Achievable target,60.2,Pass,True,None
3rd Year,79.2,82.4,62.6,76.8,79.5,76.0,76.8,73.7,Achievable target,57.2,Fail,False,Overperformance
4th Year,66.0,89.4,82.9,91.2,100.0,71.8,77.8,61.6,Achievable target,93.3,Pass,True,None
3rd Year,76.3,72.0,68.4,79.9,66.0,63.6,66.0,92.0,Cannot pass,53.1,Fail,True,None
1st Year,76.5,70.5,60.0,88.5,80.4,79.1,79.2,66.2,Achievable target,94.3,Pass,True,None
4th Year,68.3,72.5,73.2,63.9,60.0,67.6,63.2,95.6,Cannot pass,76.0,Fail,True,None
3rd Year,65.2,67.6,64.2,65.8,72.2,68.0,73.4,94.9,Cannot pass,86.6,Fail,True,None
3rd Year,68.4,75.9,73.2,76.4,75.8,75.7,75.8,59.8,Achievable target,79.5,Pass,True,None
2nd Year,60.0,68.8,88.5,76.9,94.6,84.0,78.4,55.7,Achievable target,61.1,Pass,True,None
4th Year,69.8,76.3,69.6,73.0,72.5,70.4,64.9,93.6,Cannot pass,58.0,Fail,True,None
4th Year,77.3,73.5,74.1,88.8,69.6,71.5,75.7,80.1,Borderline,84.4,Pass,True,None
4th Year,85.1,95.7,75.0,84.2,79.0,72.1,84.7,59.3,Achievable target,67.3,Pass,True,None
2nd Year,80.5,94.1,74.2,77.9,83.9,81.8,81.5,60.4,Achievable target,76.7,Pass,True,None
3rd Year,84.7,86.7,85.1,69.3,90.1,79.4,86.5,59.6,Achievable target,90.7,Pass,True,None
1st Year,87.5,100.0,65.8,74.4,72.8,74.6,74.6,70.9,Achievable target,84.0,Pass,True,None
3rd Year,74.8,79.8,73.1,67.7,73.7,68.8,68.8,87.0,Borderline,95.3,Pass,True,None
4th Year,73.8,74.9,68.0,62.8,70.6,68.5,64.0,95.8,Cannot pass,66.1,Fail,True,None
2nd Year,64.4,71.8,66.4,73.7,62.3,69.6,61.2,97.4,Cannot pass,60.3,Fail,True,None
1st Year,62.1,63.5,61.6,74.3,66.4,85.3,86.0,55.2,Achievable target,61.6,Pass,True,None
3rd Year,64.4,87.7,82.6,73.8,78.0,84.3,76.6,63.6,Achievable target,82.5,Pass,True,None
2nd Year,72.2,79.7,65.4,86.5,89.7,77.8,74.6,59.5,Achievable target,67.6,Pass,True,None
2nd Year,75.9,94.4,73.7,78.0,60.0,81.9,77.7,67.5,Achievable target,93.1,Pass,True,None
1st Year,72.2,86.4,75.7,84.7,86.5,81.0,78.5,65.7,Achievable target,78.2,Pass,True,None
3rd Year,65.2,75.8,74.2,72.5,67.9,67.9,62.7,94.4,Cannot pass,73.6,Fail,True,None
1st Year,78.3,100.0,62.4,76.8,74.6,73.6,77.9,72.4,Achievable target,93.3,Pass,True,None
2nd Year,82.3,91.0,60.0,73.9,76.4,77.2,82.4,72.3,Achievable target,99.2,Pass,True,None
3rd Year,68.4,73.0,73.5,67.2,71.8,74.2,59.3,95.9,Cannot pass,86.2,Fail,True,None
4th Year,78.6,63.8,67.8,100.0,82.5,75.9,88.3,64.8,Achievable target,70.8,Pass,True,None
1st Year,66.4,71.4,68.7,70.1,74.8,65.1,70.6,98.0,Cannot pass,70.7,Fail,True,None
3rd Year,87.1,100.0,100.0,66.9,67.0,80.2,73.6,69.6,Achievable target,81.2,Pass,True,None
2nd Year,64.8,73.5,60.0,71.1,64.0,71.3,67.5,94.2,Cannot pass,91.6,Fail,True,None
3rd Year,86.3,81.9,71.3,84.7,87.2,68.5,71.1,77.3,Borderline,52.9,Fail,True,None
1st Year,81.1,78.9,100.0,81.8,90.9,86.7,83.2,51.2,Achievable target,81.8,Pass,True,None
2nd Year,72.1,71.6,68.7,66.1,69.7,62.2,70.7,91.5,Cannot pass,99.6,Pass,False,Underperformance
4th Year,88.9,84.9,67.4,77.7,91.1,77.4,80.2,64.3,Achievable target,71.0,Pass,True,None
3rd Year,81.3,83.5,86.9,88.9,91.3,81.2,78.5,62.5,Achievable target,58.7,Fail,False,Overperformance
1st Year,79.8,70.0,68.6,69.2,72.0,81.8,84.7,66.2,Achievable target,80.7,Pass,True,None
3rd Year,68.9,69.9,67.7,74.7,71.8,60.6,65.3,97.3,Cannot pass,79.3,Fail,True,None
1st Year,70.5,76.4,73.9,74.6,67.0,66.4,60.6,99.9,Cannot pass,83.8,Fail,True,None
2nd Year,67.1,60.7,80.1,63.5,100.0,83.2,74.6,61.8,Achievable target,84.3,Pass,True,None
2nd Year,69.9,92.6,77.9,90.2,72.7,73.5,81.4,73.7,Achievable target,93.5,Pass,True,None
1st Year,79.1,78.6,81.2,84.4,63.9,83.0,83.9,71.7,Achievable target,88.5,Pass,True,None
1st Year,82.1,72.5,86.2,93.9,76.1,77.2,82.1,61.5,Achievable target,80.3,Pass,True,None
2nd Year,74.9,78.6,74.7,71.2,84.2,73.2,70.2,83.8,Borderline,87.7,Pass,False,Ambiguity
2nd Year,85.6,71.9,67.3,78.7,78.6,74.2,71.1,85.6,Borderline,96.1,Pass,False,Ambiguity
2nd Year,71.8,71.1,74.8,71.0,79.9,67.2,66.1,92.3,Cannot pass,88.6,Fail,True,None
4th Year,73.1,73.4,73.5,60.0,60.0,61.3,64.7,94.2,Cannot pass,76.1,Fail,True,None
4th Year,81.8,95.8,90.8,76.8,76.8,73.3,80.5,70.2,Achievable target,88.2,Pass,True,None
4th Year,60.0,69.3,73.0,71.0,68.1,65.5,70.2,96.0,Cannot pass,79.1,Fail,True,None
4th Year,90.0,95.6,78.7,60.0,75.3,76.6,80.4,61.4,Achievable target,98.4,Pass,True,None
1st Year,99.3,76.0,99.8,61.5,89.9,78.8,70.6,66.3,Achievable target,75.2,Pass,True,None
1st Year,86.2,85.5,76.6,69.9,69.8,74.1,72.0,68.8,Achievable target,92.5,Pass,True,None
2nd Year,82.1,99.8,100.0,96.4,96.2,78.3,89.0,58.4,Achievable target,73.8,Pass,True,None
3rd Year,71.0,70.1,99.3,89.2,82.1,72.0,77.5,58.1,Achievable target,82.0,Pass,True,None
1st Year,70.6,73.9,75.5,73.7,68.2,65.5,64.4,96.1,Cannot pass,94.7,Fail,True,None
2nd Year,76.2,72.9,71.2,92.0,97.6,79.8,73.2,54.4,Achievable target,74.9,Pass,True,None
4th Year,68.6,100.0,87.2,80.6,83.4,79.5,84.3,56.9,Achievable target,67.0,Pass,True,None
4th Year,63.1,99.4,82.4,63.2,80.9,74.7,80.0,62.6,Achievable target,83.2,Pass,True,None
3rd Year,80.9,70.6,74.7,85.6,76.0,81.8,87.4,72.6,Achievable target,87.3,Pass,True,None
3rd Year,69.6,72.2,77.4,67.2,74.3,65.0,70.8,93.4,Cannot pass,55.2,Fail,True,None
1st Year,79.2,81.4,83.2,86.4,62.4,73.1,74.9,55.4,Achievable target,64.4,Pass,True,None
3rd Year,66.4,77.7,83.0,69.7,69.6,84.1,72.5,71.6,Achievable target,78.8,Pass,True,None
2nd Year,91.7,76.7,62.2,69.1,83.1,80.6,83.6,58.2,Achievable target,96.7,Pass,True,None
3rd Year,78.4,80.3,80.3,83.7,80.8,82.2,71.7,64.7,Achievable target,74.5,Pass,True,None
2nd Year,86.4,61.6,60.0,79.5,69.1,77.8,65.3,67.5,Achievable target,88.8,Pass,True,None
1st Year,100.0,77.4,91.9,91.2,99.4,82.1,82.2,66.4,Achievable target,97.7,Pass,True,None
1st Year,93.4,68.6,79.7,82.5,76.3,76.8,79.0,54.9,Achievable target,64.7,Pass,True,None
2nd Year,73.2,81.6,100.0,82.1,64.1,79.0,86.0,63.9,Achievable target,89.6,Pass,True,None
1st Year,80.8,74.2,69.8,61.1,78.1,63.8,70.3,88.7,Borderline,83.1,Fail,True,None
4th Year,79.0,84.9,65.9,95.8,69.5,79.8,77.9,51.4,Achievable target,86.7,Pass,True,None
2nd Year,70.5,74.8,99.5,78.1,90.3,78.2,76.2,56.9,Achievable target,86.1,Pass,True,None
4th Year,96.9,99.8,72.5,70.2,63.4,86.7,83.8,64.8,Achievable target,77.0,Pass,True,None
4th Year,63.4,62.7,74.3,63.7,79.9,64.5,68.3,97.2,Cannot pass,68.7,Fail,True,None
4th Year,62.3,68.9,69.6,77.1,78.7,65.0,70.8,94.9,Cannot pass,85.3,Fail,True,None
2nd Year,92.9,74.7,83.5,72.8,73.2,76.4,82.9,56.7,Achievable target,61.4,Pass,True,None
2nd Year,80.5,83.8,67.1,85.1,84.1,84.6,86.2,62.3,Achievable target,98.1,Pass,True,None
2nd Year,92.0,82.9,80.5,85.4,85.1,83.1,73.5,72.3,Achievable target,74.4,Pass,True,None
4th Year,90.2,76.6,90.8,83.2,91.8,75.0,82.6,53.7,Achievable target,75.9,Pass,True,None
1st Year,82.7,73.2,60.0,69.5,89.6,78.3,80.1,61.5,Achievable target,88.0,Pass,True,None
2nd Year,80.6,60.0,82.1,66.0,82.3,86.4,78.8,64.1,Achievable target,90.1,Pass,True,None
4th Year,89.9,82.7,77.1,78.3,60.0,65.6,72.5,83.0,Borderline,90.0,Pass,True,None
4th Year,84.7,62.9,84.1,60.3,96.9,82.4,66.7,54.8,Achievable target,57.1,Pass,True,None
3rd Year,86.6,77.5,90.0,85.2,84.3,67.3,80.7,61.1,Achievable target,68.9,Pass,True,None
1st Year,69.1,87.1,82.1,70.8,94.7,81.5,69.6,71.8,Achievable target,78.3,Pass,True,None
3rd Year,94.5,93.9,75.3,70.0,84.2,82.1,78.6,69.3,Achievable target,70.0,Pass,True,None
3rd Year,81.6,68.9,75.9,88.3,83.6,78.0,77.9,56.9,Achievable target,52.4,Fail,False,Overperformance
4th Year,84.8,64.9,72.9,60.0,92.8,89.7,73.4,65.1,Achievable target,74.4,Pass,True,None
4th Year,77.1,83.8,85.0,79.6,78.5,82.2,85.5,57.7,Achievable target,91.1,Pass,True,None
3rd Year,75.9,100.0,69.3,82.4,73.1,79.1,79.6,64.9,Achievable target,81.8,Pass,True,None
2nd Year,74.1,89.6,89.8,82.9,76.8,75.0,74.6,63.5,Achievable target,99.5,Pass,True,None
2nd Year,86.3,79.8,84.1,60.0,89.7,80.0,68.9,59.1,Achievable target,60.3,Pass,True,None
4th Year,66.0,91.1,91.4,86.1,60.0,73.7,85.0,69.7,Achievable target,92.6,Pass,True,None
3rd Year,81.3,84.5,82.0,85.1,76.1,77.5,89.7,60.7,Achievable target,75.3,Pass,True,None
2nd Year,93.4,75.5,88.8,93.0,75.8,84.3,67.9,59.5,Achievable target,94.8,Pass,True,None
3rd Year,67.5,75.2,81.1,69.7,80.8,86.8,76.3,57.6,Achievable target,84.4,Pass,True,None
2nd Year,79.3,100.0,66.2,70.4,75.8,79.2,84.7,56.4,Achievable target,92.4,Pass,True,None
2nd Year,63.7,84.9,76.1,81.3,70.6,79.3,86.1,56.0,Achievable target,72.0,Pass,True,None
2nd Year,96.3,91.7,68.7,85.6,99.5,82.1,72.7,67.2,Achievable target,73.3,Pass,True,None
3rd Year,94.7,73.9,78.6,73.3,74.7,80.0,86.7,61.1,Achievable target,58.9,Fail,False,Overperformance
1st Year,67.0,77.5,69.4,68.5,77.2,69.1,74.1,98.0,Cannot pass,52.4,Fail,True,None
4th Year,83.9,84.6,89.9,81.3,76.5,74.3,76.3,59.6,Achievable target,70.9,Pass,True,None
2nd Year,73.0,91.5,70.8,90.4,80.7,82.6,67.1,60.4,Achievable target,71.4,Pass,True,None
1st Year,94.5,83.6,74.6,70.7,76.8,74.2,74.9,61.3,Achievable target,92.5,Pass,True,None
1st Year,75.0,74.4,69.2,67.2,70.0,59.1,60.3,99.1,Cannot pass,60.8,Fail,True,None
1st Year,85.4,74.7,94.1,71.0,73.5,81.7,83.6,66.1,Achievable target,69.6,Pass,True,None
3rd Year,90.6,69.7,89.8,76.9,100.0,70.9,83.4,55.3,Achievable target,90.6,Pass,True,None
2nd Year,66.9,67.7,92.8,65.9,69.6,71.8,80.0,67.0,Achievable target,93.0,Pass,True,None
2nd Year,88.1,69.7,72.5,100.0,84.2,76.2,82.5,61.0,Achievable target,88.2,Pass,True,None
4th Year,89.1,76.1,60.0,87.5,84.8,75.7,83.4,56.5,Achievable target,72.5,Pass,True,None
2nd Year,63.6,73.9,60.0,75.3,69.1,69.5,72.5,92.7,Cannot pass,53.8,Fail,True,None
1st Year,65.2,71.2,72.8,66.2,73.4,65.5,65.2,98.3,Cannot pass,75.1,Fail,True,None
1st Year,86.1,60.0,86.7,77.6,60.0,77.7,88.0,65.3,Achievable target,73.6,Pass,True,None
1st Year,88.1,84.8,77.4,79.4,61.5,68.7,70.6,80.7,Borderline,54.7,Fail,False,Ambiguity
1st Year,77.8,79.9,76.2,80.0,82.5,82.1,86.1,53.2,Achievable target,59.5,Pass,True,None
4th Year,69.9,73.4,73.2,72.6,63.6,66.8,63.7,94.0,Cannot pass,96.3,Pass,False,Underperformance
2nd Year,68.9,88.8,68.6,88.0,100.0,72.3,82.6,52.6,Achievable target,81.3,Pass,True,None
3rd Year,67.1,81.0,60.1,75.5,78.6,69.2,70.9,77.1,Borderline,84.0,Pass,True,None
2nd Year,80.7,82.0,65.2,86.5,93.8,87.4,76.5,66.4,Achievable target,91.6,Pass,True,None
2nd Year,81.9,92.2,67.4,81.2,60.0,89.1,80.0,63.4,Achievable target,78.7,Pass,True,None
4th Year,83.7,69.1,82.6,73.2,70.1,82.4,72.1,61.6,Achievable target,75.3,Pass,True,None
2nd Year,89.1,100.0,98.0,100.0,91.0,75.1,74.6,63.0,Achievable target,64.0,Pass,True,None
3rd Year,83.9,68.0,73.4,73.6,93.2,87.1,85.8,63.2,Achievable target,79.4,Pass,True,None
4th Year,78.1,65.5,100.0,92.4,90.2,82.0,89.8,64.8,Achievable target,80.3,Pass,True,None
2nd Year,80.1,73.5,77.0,68.6,89.9,69.8,75.8,85.8,Borderline,93.9,Pass,True,None
1st Year,69.7,79.9,74.4,69.2,76.4,63.2,65.5,95.2,Cannot pass,97.5,Pass,False,Underperformance
4th Year,60.0,60.0,78.4,60.0,69.4,64.4,66.4,96.7,Cannot pass,88.0,Fail,True,None
3rd Year,87.9,67.0,71.6,61.3,81.6,87.2,71.5,60.5,Achievable target,77.7,Pass,True,None
4th Year,79.9,62.9,68.9,79.1,100.0,75.5,75.1,64.4,Achievable target,94.5,Pass,True,None
4th Year,88.4,67.9,94.3,71.2,85.1,76.5,80.7,69.0,Achievable target,74.1,Pass,True,None
4th Year,72.3,82.7,74.0,77.3,80.6,84.4,82.0,67.7,Achievable target,52.1,Fail,False,Overperformance
4th Year,74.0,85.6,72.5,74.8,75.7,65.2,80.7,56.4,Achievable target,70.7,Pass,True,None
1st Year,80.9,75.1,80.3,100.0,76.2,88.8,85.1,70.5,Achievable target,99.8,Pass,True,None
1st Year,70.6,77.2,78.7,88.1,73.7,73.9,86.6,65.1,Achievable target,85.5,Pass,True,None
3rd Year,74.9,72.6,69.7,63.1,65.4,66.9,64.2,96.5,Cannot pass,88.6,Fail,True,None
1st Year,66.2,92.9,88.9,79.0,77.4,76.3,77.2,55.7,Achievable target,85.2,Pass,True,None
4th Year,97.3,63.3,92.1,83.2,100.0,75.4,85.4,59.4,Achievable target,72.7,Pass,True,None
1st Year,77.1,89.8,87.9,82.7,83.7,81.1,82.0,59.3,Achievable target,87.3,Pass,True,None
3rd Year,60.0,65.7,75.2,87.3,77.1,77.1,81.2,52.3,Achievable target,54.0,Pass,True,None
1st Year,73.2,85.3,92.4,73.8,70.5,81.1,80.6,65.3,Achievable target,76.6,Pass,True,None
2nd Year,100.0,63.9,72.9,100.0,81.0,85.7,78.7,56.3,Achievable target,52.6,Fail,False,Overperformance
4th Year,95.6,100.0,73.5,77.9,68.4,87.0,89.7,62.8,Achievable target,86.3,Pass,True,None
4th Year,69.6,75.5,69.3,86.3,74.6,71.0,71.1,83.2,Borderline,79.4,Fail,False,Ambiguity
3rd Year,84.0,68.2,77.3,66.0,61.5,72.9,67.0,68.7,Achievable target,79.2,Pass,True,None
3rd Year,99.0,61.9,93.5,72.1,81.3,77.4,81.7,54.9,Achievable target,75.2,Pass,True,None
3rd Year,87.3,75.2,78.7,94.1,100.0,84.8,84.1,63.4,Achievable target,78.0,Pass,True,None
4th Year,85.7,66.9,68.4,86.8,99.5,83.4,81.5,57.1,Achievable target,70.3,Pass,True,None
1st Year,75.1,72.1,86.3,85.7,94.7,76.8,84.0,61.9,Achievable target,82.7,Pass,True,None
3rd Year,82.3,79.3,93.1,93.9,79.2,79.3,87.3,66.8,Achievable target,80.7,Pass,True,None
1st Year,74.3,67.7,62.7,67.9,79.9,71.3,67.1,96.2,Cannot pass,89.3,Fail,True,None
2nd Year,100.0,70.0,89.6,88.3,94.1,86.7,81.8,50.5,Achievable target,73.6,Pass,True,None
3rd Year,82.7,69.8,74.5,84.9,97.3,86.6,79.6,64.9,Achievable target,86.7,Pass,True,None
4th Year,65.9,75.7,68.4,66.3,79.5,63.9,68.4,95.0,Cannot pass,65.3,Fail,True,None
4th Year,83.1,72.8,86.1,95.2,82.9,79.3,85.5,67.1,Achievable target,99.8,Pass,True,None
3rd Year,81.6,68.9,75.4,74.2,92.2,70.3,85.8,58.1,Achievable target,73.1,Pass,True,None
4th Year,77.8,60.0,71.4,67.9,74.1,67.0,64.1,92.7,Cannot pass,55.0,Fail,True,None
3rd Year,71.5,93.5,100.0,84.5,76.1,73.3,89.3,61.9,Achievable target,73.2,Pass,True,None
1st Year,73.2,67.4,72.1,66.6,74.8,68.8,63.4,96.6,Cannot pass,98.5,Pass,False,Underperformance
2nd Year,78.9,74.6,60.0,94.2,73.6,79.4,81.2,68.1,Achievable target,79.7,Pass,True,None
2nd Year,82.7,72.2,76.5,100.0,66.6,73.7,81.6,66.4,Achievable target,93.7,Pass,True,None
3rd Year,71.0,77.0,95.2,68.5,100.0,77.6,78.2,57.0,Achievable target,85.3,Pass,True,None
1st Year,77.2,67.4,81.9,70.9,91.0,83.1,85.9,59.5,Achievable target,83.5,Pass,True,None
4th Year,68.2,90.9,68.1,88.1,80.9,82.9,81.7,57.0,Achievable target,64.4,Pass,True,None
4th Year,68.3,79.9,70.4,66.1,67.9,65.2,70.7,95.2,Cannot pass,80.1,Fail,True,None
3rd Year,60.0,66.6,78.1,88.5,83.7,79.2,76.7,67.9,Achievable target,88.7,Pass,True,None
4th Year,80.0,86.1,86.6,95.0,92.5,77.4,76.9,64.6,Achievable target,66.1,Pass,True,None
3rd Year,72.5,72.8,77.1,67.9,64.5,69.7,65.7,90.7,Cannot pass,50.6,Fail,True,None
1st Year,85.2,60.0,74.8,90.5,70.8,72.3,85.7,70.7,Achievable target,76.7,Pass,True,None
1st Year,90.7,67.0,60.0,81.9,72.1,72.4,72.9,73.0,Achievable target,77.4,Pass,True,None
4th Year,76.7,79.4,73.9,82.3,81.9,72.2,70.9,77.1,Borderline,94.6,Pass,True,None
2nd Year,94.4,63.6,88.9,78.0,68.0,88.7,80.6,66.6,Achievable target,92.7,Pass,True,None
2nd Year,76.1,75.1,78.9,91.0,79.9,80.6,87.3,61.5,Achievable target,81.4,Pass,True,None
2nd Year,95.3,80.0,88.6,100.0,73.2,82.4,85.6,73.4,Achievable target,88.7,Pass,True,None
4th Year,65.7,77.6,62.7,67.3,73.6,58.8,59.2,95.3,Cannot pass,96.8,Pass,False,Underperformance
2nd Year,66.8,66.3,86.1,72.8,70.3,71.2,72.5,76.9,Borderline,73.9,Fail,True,None
2nd Year,63.6,70.1,61.6,66.4,79.6,68.7,66.5,91.5,Cannot pass,85.9,Fail,True,None
2nd Year,67.0,60.0,74.4,82.3,79.5,87.3,82.3,62.1,Achievable target,71.9,Pass,True,None
2nd Year,79.2,62.0,79.9,77.1,67.8,63.3,71.5,94.9,Cannot pass,76.8,Fail,True,None
4th Year,74.6,80.6,76.1,61.8,84.3,70.2,71.1,87.2,Borderline,79.5,Fail,False,Ambiguity
3rd Year,97.7,80.1,97.6,72.5,73.7,76.8,81.0,70.9,Achievable target,99.4,Pass,True,None
3rd Year,80.4,83.6,89.3,99.4,83.2,78.6,83.8,73.9,Achievable target,85.7,Pass,True,None
1st Year,67.3,94.3,81.6,60.0,64.3,84.4,78.6,51.6,Achievable target,59.4,Pass,True,None
1st Year,86.7,70.2,85.8,83.5,90.7,83.5,83.5,63.1,Achievable target,88.9,Pass,True,None
3rd Year,60.0,64.2,71.3,74.9,60.0,82.5,77.3,59.4,Achievable target,86.3,Pass,True,None
2nd Year,70.8,83.5,60.0,64.0,86.6,83.0,85.2,73.5,Achievable target,81.4,Pass,True,None
2nd Year,76.8,71.3,88.6,80.1,60.0,64.9,74.8,85.4,Borderline,63.9,Fail,True,None
4th Year,86.3,64.8,75.7,78.2,82.2,69.8,73.0,83.2,Borderline,92.3,Pass,True,None
1st Year,81.7,77.1,60.0,81.4,93.0,74.2,79.5,70.6,Achievable target,73.3,Pass,True,None
2nd Year,97.0,89.4,63.4,84.3,90.4,87.7,72.7,66.7,Achievable target,67.2,Pass,True,None
3rd Year,82.0,81.1,60.0,76.0,77.7,79.6,81.6,68.0,Achievable target,98.5,Pass,True,None
4th Year,61.7,65.7,69.0,89.9,79.4,74.4,78.6,64.8,Achievable target,92.8,Pass,True,None
2nd Year,78.3,73.1,67.7,76.9,93.6,78.9,83.3,58.6,Achievable target,64.9,Pass,True,None
2nd Year,70.9,68.6,70.3,69.4,69.5,65.1,65.6,94.5,Cannot pass,60.9,Fail,True,None
2nd Year,77.9,72.4,76.9,85.4,87.4,75.3,85.3,55.5,Achievable target,69.9,Pass,True,None
2nd Year,82.5,76.5,64.5,87.5,82.6,84.2,70.8,60.8,Achievable target,94.4,Pass,True,None
3rd Year,68.7,100.0,70.3,81.8,83.9,80.0,79.0,55.4,Achievable target,57.6,Pass,True,None
2nd Year,75.3,96.1,80.6,78.9,100.0,81.3,77.4,54.5,Achievable target,97.7,Pass,True,None
4th Year,66.2,88.4,83.6,82.5,83.6,74.2,79.4,62.9,Achievable target,85.9,Pass,True,None
1st Year,68.5,84.7,87.2,64.2,88.8,72.0,76.3,61.4,Achievable target,89.4,Pass,True,None
1st Year,84.2,71.6,91.4,78.8,68.5,76.1,89.4,68.9,Achievable target,95.9,Pass,True,None
2nd Year,70.8,94.7,72.3,100.0,82.2,87.4,81.1,72.2,Achievable target,82.8,Pass,True,None
2nd Year,85.4,67.7,97.2,70.4,78.8,79.1,78.1,70.7,Achievable target,85.4,Pass,True,None
4th Year,96.2,86.7,97.0,84.2,100.0,74.3,72.4,64.9,Achievable target,97.1,Pass,True,None
4th Year,79.6,90.0,77.2,69.1,81.2,83.8,73.3,72.1,Achievable target,74.8,Pass,True,None
3rd Year,65.1,75.8,85.0,94.6,74.9,83.0,78.2,50.6,Achievable target,70.7,Pass,True,None
1st Year,75.3,60.0,93.8,72.4,60.9,77.0,88.4,53.3,Achievable target,71.5,Pass,True,None
3rd Year,95.9,62.0,87.4,80.6,96.9,79.5,73.9,66.9,Achievable target,70.5,Pass,True,None
1st Year,81.2,72.6,68.6,82.2,73.6,60.3,74.2,86.5,Borderline,99.7,Pass,True,None
2nd Year,77.3,83.4,76.7,71.1,82.4,68.6,75.8,82.4,Borderline,84.7,Pass,True,None
2nd Year,67.8,81.3,81.4,65.9,75.9,72.3,68.5,81.5,Borderline,94.9,Pass,False,Ambiguity
3rd Year,74.0,90.3,100.0,94.6,72.5,73.9,85.7,65.5,Achievable target,83.5,Pass,True,None
3rd Year,81.9,69.9,68.7,80.6,61.6,69.0,83.9,53.9,Achievable target,85.9,Pass,True,None
1st Year,87.3,82.1,93.9,79.3,83.4,83.9,80.2,60.9,Achievable target,64.4,Pass,True,None
1st Year,65.7,78.5,72.7,71.9,72.2,69.4,68.6,97.7,Cannot pass,88.9,Fail,True,None
1st Year,70.3,60.0,70.8,60.0,60.0,73.8,77.1,66.2,Achievable target,76.1,Pass,True,None
1st Year,60.0,70.8,64.6,70.7,79.9,64.3,70.6,97.4,Cannot pass,84.8,Fail,True,None
2nd Year,76.2,88.9,86.7,79.3,78.1,81.8,88.1,59.6,Achievable target,80.1,Pass,True,None
3rd Year,68.4,63.6,69.5,79.9,63.4,68.7,67.5,92.1,Cannot pass,89.6,Fail,True,None
3rd Year,62.2,68.0,65.1,79.7,63.0,84.3,84.2,55.2,Achievable target,93.5,Pass,True,None
3rd Year,72.3,74.3,77.4,71.4,76.3,86.0,88.0,53.8,Achievable target,94.8,Pass,True,None
4th Year,76.6,91.1,62.6,83.4,99.7,88.7,68.8,64.7,Achievable target,79.9,Pass,True,None
4th Year,82.2,89.3,93.6,68.7,83.3,87.4,82.7,70.7,Achievable target,89.5,Pass,True,None
1st Year,95.5,72.4,95.0,93.9,71.1,62.4,72.9,63.5,Achievable target,82.5,Pass,True,None
